IS_AUDITED,COUNTY_NAME,PRECINCT_NAME,PRECINCT_CODE,USA_MS_20140624_RUN_USS_REP_COCHRAN,USA_MS_20140624_RUN_USS_REP_MCDANIEL
0,Adams,Dist 1; Bellemont,Dist 1; Bellemont,445,328
0,Adams,Dist 1; By-Pass Fire,Dist 1; By-Pass Fire,68,69
0,Adams,Dist 1; Courthouse,Dist 1; Courthouse,220,100
0,Adams,Dist 2; Beau Pre,Dist 2; Beau Pre,123,108
0,Adams,Dist 2; Duncan Park,Dist 2; Duncan Park,200,86
0,Adams,Dist 2; Kingston,Dist 2; Kingston,71,169
0,Adams,Dist 2; Liberty Park,Dist 2; Liberty Park,156,145
0,Adams,Dist 3; Concord,Dist 3; Concord,26,11
0,Adams,Dist 3; Maryland Hights,Dist 3; Maryland Hights,21,1
0,Adams,Dist 3; Nps Multi Purpose Bldg.,Dist 3; Nps Multi Purpose Bldg.,71,43
0,Adams,Dist 3; Palestine,Dist 3; Palestine,66,83
0,Adams,Dist 4; Carpenter,Dist 4; Carpenter,73,33
0,Adams,Dist 4; Morgantown,Dist 4; Morgantown,44,29
0,Adams,Dist 4; Northside,Dist 4; Northside,130,8
0,Adams,Dist 4; Pine Ridge,Dist 4; Pine Ridge,43,17
0,Adams,Dist 5; Airport,Dist 5; Airport,33,56
0,Adams,Dist 5; Foster Mound,Dist 5; Foster Mound,61,13
0,Adams,Dist 5; Oakland,Dist 5; Oakland,137,181
0,Adams,Dist 5; Washington,Dist 5; Washington,83,87
0,Alcorn,2nd District Central,2nd District Central,131,182
0,Alcorn,Bethel,Bethel,9,14
0,Alcorn,Biggersville,Biggersville,68,85
0,Alcorn,College Hill,College Hill,70,63
0,Alcorn,East Corinth,East Corinth,289,182
0,Alcorn,Five Points 1st District,Five Points 1st District,152,230
0,Alcorn,Glen,Glen,92,96
0,Alcorn,Jacinto,Jacinto,31,39
0,Alcorn,Kossuth,Kossuth,175,142
0,Alcorn,North Corinth,North Corinth,212,160
0,Alcorn,Pinecrest,Pinecrest,99,80
0,Alcorn,Rienzi,Rienzi,78,145
0,Alcorn,Shady Grove,Shady Grove,82,94
0,Alcorn,South Corinth,South Corinth,95,76
0,Alcorn,Union Center,Union Center,70,100
0,Alcorn,Wenasoga,Wenasoga,89,84
0,Alcorn,West Corinth,West Corinth,113,70
0,Amite,Amite River,Amite River,5,16
0,Amite,Ariel,Ariel,5,1
0,Amite,Berwick,Berwick,4,13
0,Amite,Crosby,Crosby,7,40
0,Amite,East Centreville,East Centreville,24,66
0,Amite,East Fork,East Fork,92,81
0,Amite,East Gloster,East Gloster,22,62
0,Amite,East Liberty,East Liberty,45,53
0,Amite,Gloster,Gloster,8,56
0,Amite,Homochitto,Homochitto,14,26
0,Amite,Liberty,Liberty,58,117
0,Amite,New Zion,New Zion,62,75
0,Amite,Oneil,Oneil,28,52
0,Amite,Riceville,Riceville,18,63
0,Amite,Smithdale,Smithdale,48,87
0,Amite,South Liberty,South Liberty,30,74
0,Amite,Street,Street,22,47
0,Amite,Tangipahoa,Tangipahoa,91,104
0,Amite,Tickfaw,Tickfaw,8,32
0,Amite,Walls,Walls,38,110
0,Amite,Zion Hill,Zion Hill,53,88
0,Attala,Aponaug,Aponaug,24,40
0,Attala,Berea,Berea,16,33
0,Attala,Carnack,Carnack,35,56
0,Attala,East,East,192,131
0,Attala,Athel,Athel,37,60
0,Attala,Hesterville,Hesterville,29,38
0,Attala,Liberty Chapel,Liberty Chapel,32,42
0,Attala,McAdams,McAdams,24,25
0,Attala,Mccool,Mccool,29,40
0,Attala,Newport,Newport,37,29
0,Attala,North Central,North Central,50,59
0,Attala,North East,North East,76,63
0,Attala,North West,North West,57,69
0,Attala,Possumneck,Possumneck,23,35
0,Attala,Providence,Providence,33,52
0,Attala,Sallis,Sallis,51,62
0,Attala,South Central,South Central,96,102
0,Attala,South West,South West,13,28
0,Attala,Thompson,Thompson,27,28
0,Attala,Williamsville,Williamsville,165,200
0,Attala,Zama,Zama,18,43
0,Benton,Ashland; District 3,Ashland; District 3,43,112
0,Benton,Canaan; District 1,Canaan; District 1,33,80
0,Benton,Floyd; District 4,Floyd; District 4,54,101
0,Benton,Hickory Flat District 5,Hickory Flat District 5,119,78
0,Benton,Lamar; District 2,Lamar; District 2,13,33
0,Bolivar,Benoit,Benoit,31,25
0,Bolivar,Beulah,Beulah,11,0
0,Bolivar,Boyle,Boyle,161,78
0,Bolivar,Choctaw,Choctaw,12,12
0,Bolivar,Cleveland Courthouse,Cleveland Courthouse,87,37
0,Bolivar,Duncan-Alligator,Duncan-Alligator,24,17
0,Bolivar,East Central Cleveland,East Central Cleveland,20,0
0,Bolivar,East Cleveland,East Cleveland,71,7
0,Bolivar,East Rosedale,East Rosedale,18,3
0,Bolivar,Eastgate,Eastgate,20,6
0,Bolivar,Gunnison,Gunnison,25,16
0,Bolivar,Longshot,Longshot,33,7
0,Bolivar,Merigold,Merigold,66,22
0,Bolivar,Mound Bayou,Mound Bayou,56,11
0,Bolivar,North Cleveland,North Cleveland,36,18
0,Bolivar,North West Cleveland,North West Cleveland,308,99
0,Bolivar,Pace,Pace,16,7
0,Bolivar,Renova,Renova,25,3
0,Bolivar,Scott,Scott,18,9
0,Bolivar,Shaw,Shaw,62,31
0,Bolivar,Shelby,Shelby,68,14
0,Bolivar,Skene,Skene,65,26
0,Bolivar,South Cleveland,South Cleveland,34,9
0,Bolivar,Stringtown,Stringtown,11,5
0,Bolivar,West Central Cleveland,West Central Cleveland,217,104
0,Bolivar,West Cleveland,West Cleveland,453,187
0,Bolivar,West Rosedale,West Rosedale,38,8
0,Bolivar,Winstonville,Winstonville,10,0
0,Calhoun,Banner,Banner,58,57
0,Calhoun,Bruce #3,Bruce #3,146,139
0,Calhoun,Calhoun City #1,Calhoun City #1,66,49
0,Calhoun,Calhoun City #4,Calhoun City #4,203,121
0,Calhoun,Derma #4,Derma #4,74,51
0,Calhoun,Derma #5,Derma #5,79,56
0,Calhoun,Northeast Calhoun,Northeast Calhoun,111,121
0,Calhoun,Pittsboro #1,Pittsboro #1,17,10
0,Calhoun,Pittsboro #2,Pittsboro #2,74,65
0,Calhoun,Vardaman,Vardaman,118,84
0,Carroll,430 School,430 School,14,27
0,Carroll,Black Hawk,Black Hawk,42,37
0,Carroll,Calvary,Calvary,20,23
0,Carroll,Carrollton,Carrollton,94,61
0,Carroll,East Vaiden,East Vaiden,82,71
0,Carroll,Fire Tower,Fire Tower,44,49
0,Carroll,Gravel Hill,Gravel Hill,127,73
0,Carroll,Jefferson,Jefferson,39,49
0,Carroll,McCarley,McCarley,56,54
0,Carroll,North Carrollton,North Carrollton,123,85
0,Carroll,Rays Shop,Rays Shop,127,178
0,Carroll,Salem,Salem,22,13
0,Carroll,West Carroll,West Carroll,89,68
0,Carroll,West Vaiden,West Vaiden,47,41
0,Chickasaw,Anchor 001,Anchor 001,127,83
0,Chickasaw,Buena Vista 002,Buena Vista 002,37,14
0,Chickasaw,East Okolona 004,East Okolona 004,14,13
0,Chickasaw,Egypt 003,Egypt 003,23,19
0,Chickasaw,North Houlka 005,North Houlka 005,21,24
0,Chickasaw,North Okolona 006,North Okolona 006,23,55
0,Chickasaw,Northwest Houston 007,Northwest Houston 007,23,54
0,Chickasaw,Pearsall 009,Pearsall 009,65,38
0,Chickasaw,Pleasant Grove Thorn 008,Pleasant Grove Thorn 008,86,96
0,Chickasaw,South Houlka 011,South Houlka 011,47,44
0,Chickasaw,Southeast Houston 010,Southeast Houston 010,214,174
0,Chickasaw,Sparta 012,Sparta 012,18,46
0,Chickasaw,Van Vleet 013,Van Vleet 013,31,36
0,Chickasaw,West Okolona 014,West Okolona 014,107,43
0,Chickasaw,Woodland 015,Woodland 015,19,32
0,Choctaw,Bywy,Bywy,33,36
0,Choctaw,Chester,Chester,45,43
0,Choctaw,District 5,District 5,201,158
0,Choctaw,East Weir,East Weir,19,20
0,Choctaw,Fentress,Fentress,37,40
0,Choctaw,French Camp,French Camp,40,74
0,Choctaw,Hebron,Hebron,40,38
0,Choctaw,Kenego,Kenego,24,51
0,Choctaw,Panhandle,Panhandle,48,29
0,Choctaw,Reform,Reform,35,41
0,Choctaw,Sherwood,Sherwood,60,65
0,Choctaw,Southwest Ackerman,Southwest Ackerman,12,15
0,Choctaw,West Weir,West Weir,60,33
0,Claiborne,County Precinct 1-A,County Precinct 1-A,26,9
0,Claiborne,County Precinct 1-B,County Precinct 1-B,15,2
0,Claiborne,County Precinct 1-C,County Precinct 1-C,1,0
0,Claiborne,County Precinct 2,County Precinct 2,19,4
0,Claiborne,County Precinct 3-A,County Precinct 3-A,115,41
0,Claiborne,County Precinct 3-B,County Precinct 3-B,39,25
0,Claiborne,County Precinct 4-A,County Precinct 4-A,42,16
0,Claiborne,County Precinct 4-B,County Precinct 4-B,0,0
0,Claiborne,County Precinct 4-C,County Precinct 4-C,2,0
0,Claiborne,County Precinct 5-A,County Precinct 5-A,39,16
0,Claiborne,County Precinct 5-B,County Precinct 5-B,0,0
0,Clarke,Beaverdam,Beaverdam,5,20
0,Clarke,Carmichael,Carmichael,35,51
0,Clarke,Desoto,Desoto,23,26
0,Clarke,East Quitman,East Quitman,207,301
0,Clarke,Energy,Energy,37,46
0,Clarke,Enterprise,Enterprise,116,246
0,Clarke,Harmony Dist. 1,Harmony Dist. 1,3,28
0,Clarke,Harmony Dist. 2,Harmony Dist. 2,24,69
0,Clarke,Langsdale,Langsdale,7,4
0,Clarke,Manassa,Manassa,24,30
0,Clarke,North Quitman,North Quitman,70,62
0,Clarke,Oakgrove,Oakgrove,7,18
0,Clarke,Pachuta,Pachuta,20,29
0,Clarke,Pinerdge,Pinerdge,12,15
0,Clarke,Rolling Creek,Rolling Creek,31,65
0,Clarke,Shubuta,Shubuta,18,44
0,Clarke,Snell,Snell,31,45
0,Clarke,Souinlovie,Souinlovie,20,42
0,Clarke,South Quitman,South Quitman,47,81
0,Clarke,Springs,Springs,12,21
0,Clarke,Stonewall Dist. 3,Stonewall Dist. 3,58,107
0,Clarke,Stonewall Dist. 1,Stonewall Dist. 1,18,29
0,Clarke,Union,Union,111,139
0,Clay,Cairo,Cairo,54,37
0,Clay,Caradine,Caradine,34,24
0,Clay,Cedar Bluff,Cedar Bluff,30,32
0,Clay,Central-West Point,Central-West Point,127,75
0,Clay,East-West Point,East-West Point,382,148
0,Clay,North-West Point,North-West Point,175,100
0,Clay,Pheba,Pheba,45,35
0,Clay,Pine Bluff,Pine Bluff,25,9
0,Clay,Siloam,Siloam,123,98
0,Clay,South-West Point,South-West Point,113,53
0,Clay,Tibbee,Tibbee,32,25
0,Clay,Union Star,Union Star,78,45
0,Clay,Vinton,Vinton,63,31
0,Clay,West-West Point,West-West Point,105,54
0,Coahoma,Bobo,Bobo,10,12
0,Coahoma,Cagle Crossing,Cagle Crossing,9,11
0,Coahoma,Clarksdale Courthouse,Clarksdale Courthouse,107,37
0,Coahoma,Clarksdale #2,Clarksdale #2,231,88
0,Coahoma,Clarksdale #3,Clarksdale #3,39,11
0,Coahoma,Clarksdale #4,Clarksdale #4,23,7
0,Coahoma,Clarksdale #4 North,Clarksdale #4 North,40,9
0,Coahoma,Clarksdale #5,Clarksdale #5,79,36
0,Coahoma,Coahoma,Coahoma,12,1
0,Coahoma,Dublin,Dublin,36,10
0,Coahoma,Farrell,Farrell,6,5
0,Coahoma,Friars Point,Friars Point,13,5
0,Coahoma,Jonestown,Jonestown,21,0
0,Coahoma,Lula,Lula,46,14
0,Coahoma,Lyon,Lyon,308,58
0,Coahoma,Rena Lara,Rena Lara,41,32
0,Coahoma,Roundaway,Roundaway,16,7
0,Coahoma,Sasse Street Fire Station,Sasse Street Fire Station,12,0
0,Coahoma,Sherard,Sherard,1,2
0,Copiah,Beauregard,Beauregard,92,121
0,Copiah,Carpenter,Carpenter,24,11
0,Copiah,Centerpoint,Centerpoint,115,122
0,Copiah,Crystal Springs East,Crystal Springs East,311,248
0,Copiah,Crystal Springs North,Crystal Springs North,45,20
0,Copiah,Crystal Springs South,Crystal Springs South,143,93
0,Copiah,Crystal Springs West,Crystal Springs West,110,141
0,Copiah,Dentville,Dentville,41,25
0,Copiah,Gallman,Gallman,219,197
0,Copiah,Georgetown North,Georgetown North,13,25
0,Copiah,Georgetown South,Georgetown South,43,54
0,Copiah,Hazlehurst East,Hazlehurst East,58,15
0,Copiah,Hazlehurst North,Hazlehurst North,45,15
0,Copiah,Hazlehurst South,Hazlehurst South,58,28
0,Copiah,Hazlehurst West,Hazlehurst West,148,53
0,Copiah,Martinsville,Martinsville,48,39
0,Copiah,Shady Grove,Shady Grove,102,59
0,Copiah,Stronghope Union,Stronghope Union,78,85
0,Copiah,Wesson,Wesson,148,128
0,Covington,Collins,Collins,126,293
0,Covington,Dry Creek,Dry Creek,13,19
0,Covington,Gilmer,Gilmer,15,14
0,Covington,Lone Star / Black Jack,Lone Star / Black Jack,22,68
0,Covington,Mitchell,Mitchell,19,96
0,Covington,Mt Olive,Mt Olive,101,148
0,Covington,Okahay,Okahay,25,54
0,Covington,Richmond,Richmond,61,232
0,Covington,Rock Hill,Rock Hill,17,49
0,Covington,Sanford,Sanford,87,283
0,Covington,Seminary,Seminary,143,461
0,Covington,South Collins,South Collins,45,124
0,Covington,Station Creek,Station Creek,47,47
0,Covington,Strahan,Strahan,19,24
0,Covington,West Collins,West Collins,8,35
0,Covington,Williamsburg,Williamsburg,45,96
0,Covington,Yawn,Yawn,23,77
0,DeSoto,Alphaba-Cockrum,Alphaba-Cockrum,96,219
0,DeSoto,Bridgetown,Bridgetown,161,513
0,DeSoto,Colonial Hills,Colonial Hills,78,204
0,DeSoto,Cumberland,Cumberland,106,252
0,DeSoto,Desoto Central,Desoto Central,287,630
0,DeSoto,Elmore,Elmore,115,211
0,DeSoto,Eudora,Eudora,76,283
0,DeSoto,Fairhaven,Fairhaven,94,309
0,DeSoto,Greenbrook North,Greenbrook North,144,338
0,DeSoto,Greenbrook South,Greenbrook South,269,617
0,DeSoto,Hacks Cross Road,Hacks Cross Road,83,319
0,DeSoto,Hernardo Central,Hernardo Central,318,462
0,DeSoto,Hernardo East,Hernardo East,528,1078
0,DeSoto,Hernardo West,Hernardo West,293,529
0,DeSoto,Horn Lake Central,Horn Lake Central,80,175
0,DeSoto,Horn Lake East,Horn Lake East,70,117
0,DeSoto,Horn Lake High School,Horn Lake High School,152,354
0,DeSoto,Horn Lake Intermediate,Horn Lake Intermediate,78,226
0,DeSoto,Horn Lake North,Horn Lake North,56,147
0,DeSoto,Horn Lake West,Horn Lake West,57,195
0,DeSoto,Ingrams Mill,Ingrams Mill,53,199
0,DeSoto,Lake Cormorat,Lake Cormorat,53,79
0,DeSoto,Lewisburg,Lewisburg,295,563
0,DeSoto,Lewisburg East,Lewisburg East,53,122
0,DeSoto,Love,Love,147,290
0,DeSoto,Miller,Miller,166,541
0,DeSoto,Mineral Wells,Mineral Wells,189,538
0,DeSoto,Nesbit East,Nesbit East,147,282
0,DeSoto,Nesbit West,Nesbit West,110,286
0,DeSoto,Northwest Community College,Northwest Community College,135,319
0,DeSoto,Olive Branch North,Olive Branch North,166,401
0,DeSoto,Olive Branch South,Olive Branch South,226,649
0,DeSoto,Olive Branch West,Olive Branch West,87,148
0,DeSoto,Pleasant Hill North,Pleasant Hill North,253,537
0,DeSoto,Southaven North,Southaven North,219,422
0,DeSoto,Southaven South,Southaven South,38,63
0,DeSoto,Southaven West,Southaven West,151,273
0,DeSoto,Summershill,Summershill,257,548
0,DeSoto,Walls,Walls,128,320
0,Forrest,Bar Mac,Bar Mac,259,604
0,Forrest,Brooklyn,Brooklyn,66,136
0,Forrest,Burger Center,Burger Center,62,1
0,Forrest,Camp,Camp,149,68
0,Forrest,Carnes,Carnes,90,209
0,Forrest,Court Street,Court Street,131,33
0,Forrest,Dantzler,Dantzler,44,188
0,Forrest,Dixie,Dixie,305,509
0,Forrest,Dixie Pine Central,Dixie Pine Central,151,55
0,Forrest,Eatonville,Eatonville,128,230
0,Forrest,Glendale,Glendale,134,112
0,Forrest,Hattesburg Cultural Center,Hattesburg Cultural Center,105,23
0,Forrest,Highland Park,Highland Park,129,85
0,Forrest,Kamper Park,Kamper Park,302,199
0,Forrest,Leeville,Leeville,144,369
0,Forrest,Lillie Burney,Lillie Burney,53,2
0,Forrest,Maxie,Maxie,37,32
0,Forrest,Mclaurin,Mclaurin,61,93
0,Forrest,North Heights,North Heights,90,33
0,Forrest,Petal Civic Center,Petal Civic Center,190,362
0,Forrest,Petal Masonic,Petal Masonic,193,337
0,Forrest,Pinecrest,Pinecrest,240,103
0,Forrest,Rawls Springs,Rawls Springs,149,168
0,Forrest,Richburg,Richburg,171,142
0,Forrest,Rowan,Rowan,94,6
0,Forrest,Salvation Army,Salvation Army,149,21
0,Forrest,Sheeplo,Sheeplo,84,175
0,Forrest,Sigler Center,Sigler Center,176,84
0,Forrest,Sunrise,Sunrise,317,613
0,Forrest,Thames,Thames,814,348
0,Forrest,Timberton,Timberton,114,104
0,Forrest,Train Depot,Train Depot,73,23
0,Forrest,West Hills,West Hills,145,126
0,Forrest,West Petal,West Petal,53,121
0,Forrest,Westside,Westside,264,133
0,Franklin,Antioch,Antioch,39,46
0,Franklin,Bad Bayou,Bad Bayou,67,94
0,Franklin,Bude,Bude,65,68
0,Franklin,Cains,Cains,41,64
0,Franklin,Eddicebon,Eddicebon,71,92
0,Franklin,Hamburg,Hamburg,9,8
0,Franklin,Knoxville,Knoxville,26,23
0,Franklin,Lucien,Lucien,28,32
0,Franklin,Mccall,Mccall,63,64
0,Franklin,Meadville,Meadville,103,84
0,Franklin,Pine Grove,Pine Grove,31,33
0,Franklin,Roxie,Roxie,38,29
0,Franklin,Wesley Chapel,Wesley Chapel,8,12
0,Franklin,Whittington,Whittington,45,99
0,George,Agricola,Agricola,77,201
0,George,Barton,Barton,82,199
0,George,Basin,Basin,102,192
0,George,Benndale,Benndale,55,107
0,George,Bexley,Bexley,31,95
0,George,Broome,Broome,17,62
0,George,Central,Central,18,57
0,George,City Hall,City Hall,105,183
0,George,Courthouse,Courthouse,36,62
0,George,Davis,Davis,28,81
0,George,Howell,Howell,23,96
0,George,Middle School,Middle School,55,74
0,George,Movella,Movella,34,93
0,George,Multi Mart,Multi Mart,23,60
0,George,Multi-Purpose,Multi-Purpose,27,39
0,George,Pine Level,Pine Level,20,120
0,George,Rocky Creek,Rocky Creek,87,300
0,George,Salem,Salem,5,23
0,George,Shady Grove,Shady Grove,59,142
0,George,Shipman,Shipman,9,87
0,George,Twin Creek,Twin Creek,36,54
0,George,Ward,Ward,38,89
0,Greene,Jonathan,Jonathan,20,79
0,Greene,Jones,Jones,20,47
0,Greene,Leaf,Leaf,11,28
0,Greene,Leakesville,Leakesville,97,248
0,Greene,Maples,Maples,30,110
0,Greene,Mclain,Mclain,28,48
0,Greene,Mutual Rights,Mutual Rights,14,68
0,Greene,North Leakesville,North Leakesville,21,19
0,Greene,Piave,Piave,21,74
0,Greene,State Line,State Line,26,45
0,Greene,Vernal,Vernal,39,109
0,Greene,Wade,Wade,36,145
0,Greene,Washington Neely,Washington Neely,26,97
0,Grenada,Box 1,Box 1,152,77
0,Grenada,Box 2 Grenada Co Office,Box 2 Grenada Co Office,83,63
0,Grenada,Box 3 City Auditorium,Box 3 City Auditorium,104,82
0,Grenada,Box 4,Box 4,32,27
0,Grenada,Box 5,Box 5,242,247
0,Grenada,Elliott Vol Fire Station,Elliott Vol Fire Station,60,69
0,Grenada,Futheyville 1st Pentecost,Futheyville 1st Pentecost,92,124
0,Grenada,Geeslin,Geeslin,92,123
0,Grenada,Gore Springs Community Center,Gore Springs Community Center,66,114
0,Grenada,Hardy,Hardy,0,0
0,Grenada,Hoicomb Community Center,Hoicomb Community Center,100,121
0,Grenada,Pleasant Grove Cummunity Center,Pleasant Grove Cummunity Center,31,38
0,Grenada,Sweethome Hol#2 Fire Station,Sweethome Hol#2 Fire Station,43,56
0,Grenada,Tie Plant,Tie Plant,157,129
0,Hancock,Arlington,Arlington,50,50
0,Hancock,Bayou Phillip,Bayou Phillip,27,21
0,Hancock,Catahoula,Catahoula,22,30
0,Hancock,City Hall,City Hall,68,35
0,Hancock,Courthouse,Courthouse,83,29
0,Hancock,Crane Creek,Crane Creek,103,165
0,Hancock,Dedeaux,Dedeaux,56,87
0,Hancock,Diamondhead East,Diamondhead East,750,751
0,Hancock,Diamondhead West,Diamondhead West,233,282
0,Hancock,Edwardsville,Edwardsville,30,88
0,Hancock,Fenton,Fenton,88,158
0,Hancock,Flat Top,Flat Top,66,155
0,Hancock,Garden Isle,Garden Isle,85,89
0,Hancock,Kiln East,Kiln East,83,89
0,Hancock,Kiln West,Kiln West,84,106
0,Hancock,Lakeshore,Lakeshore,98,138
0,Hancock,Lee Town,Lee Town,40,176
0,Hancock,North Bay East,North Bay East,156,78
0,Hancock,North Bay West,North Bay West,258,120
0,Hancock,Pearlington,Pearlington,60,72
0,Hancock,South Bay,South Bay,252,162
0,Hancock,Standard,Standard,70,135
0,Hancock,Waveland East,Waveland East,127,105
0,Hancock,Waveland West,Waveland West,184,136
0,Hancock,West Shoreline Park,West Shoreline Park,30,57
0,Harrison,Advance,Advance,117,200
0,Harrison,Bay Central,Bay Central,252,174
0,Harrison,Biloxi # 11,Biloxi # 11,738,484
0,Harrison,Biloxi # 8,Biloxi # 8,194,99
0,Harrison,Biloxi # 10,Biloxi # 10,274,224
0,Harrison,Biloxi Bay,Biloxi Bay,205,117
0,Harrison,Biloxi Central,Biloxi Central,274,106
0,Harrison,County Farm/Gulf Haven,County Farm/Gulf Haven,304,366
0,Harrison,Dolisle,Dolisle,247,188
0,Harrison,E Orange Grove,E Orange Grove,371,315
0,Harrison,E Pass Christien,E Pass Christien,346,157
0,Harrison,East Biloxi,East Biloxi,195,50
0,Harrison,East Handsboro,East Handsboro,360,209
0,Harrison,East Lyman,East Lyman,179,139
0,Harrison,East Miss City,East Miss City,506,346
0,Harrison,East North Gulfport,East North Gulfport,87,8
0,Harrison,Gulfport # 11,Gulfport # 11,202,87
0,Harrison,Gulfport # 12,Gulfport # 12,486,184
0,Harrison,Gulfport # 13,Gulfport # 13,80,37
0,Harrison,Gulfport # 14,Gulfport # 14,100,25
0,Harrison,Gulfport # 15,Gulfport # 15,40,6
0,Harrison,Gulfport # 16,Gulfport # 16,123,24
0,Harrison,Gulfport # 3,Gulfport # 3,55,12
0,Harrison,Gulfport # 4,Gulfport # 4,137,34
0,Harrison,Gulfport # 5,Gulfport # 5,209,100
0,Harrison,Gulfport # 7,Gulfport # 7,120,65
0,Harrison,Gulfport # 8,Gulfport # 8,85,52
0,Harrison,Gulfport # 9,Gulfport # 9,29,13
0,Harrison,Howard Creek,Howard Creek,454,494
0,Harrison,Invalid Addresses 9999,Invalid Addresses 9999,0,0
0,Harrison,Ladner,Ladner,147,218
0,Harrison,Long Beach # 1,Long Beach # 1,163,132
0,Harrison,Long Beach # 2,Long Beach # 2,210,191
0,Harrison,Long Beach # 3,Long Beach # 3,209,124
0,Harrison,Long Beach # 4,Long Beach # 4,271,188
0,Harrison,Long Beach # 5,Long Beach # 5,491,340
0,Harrison,Long Beach # 6,Long Beach # 6,253,183
0,Harrison,Magnolia Grove,Magnolia Grove,46,4
0,Harrison,Margaret Sherry,Margaret Sherry,630,378
0,Harrison,New Hope,New Hope,180,174
0,Harrison,New Popps Ferry,New Popps Ferry,124,98
0,Harrison,North Bay,North Bay,663,626
0,Harrison,North Bel-Aire,North Bel-Aire,391,265
0,Harrison,Outside Long Beach,Outside Long Beach,82,80
0,Harrison,Peace,Peace,275,352
0,Harrison,Pineville,Pineville,305,282
0,Harrison,Popiar Head,Popiar Head,40,74
0,Harrison,Ricsville,Ricsville,26,36
0,Harrison,Saucler,Saucler,206,266
0,Harrison,South Bel-Aire,South Bel-Aire,176,163
0,Harrison,Stonewall,Stonewall,241,217
0,Harrison,Vidalla,Vidalla,79,87
0,Harrison,W Pass Christian,W Pass Christian,282,147
0,Harrison,West Handsboro,West Handsboro,613,217
0,Harrison,West Uzana,West Uzana,93,112
0,Harrison,West Lyman,West Lyman,380,491
0,Harrison,West Miss City,West Miss City,136,51
0,Harrison,West North Got,West North Got,143,9
0,Harrison,West Orange Grove,West Orange Grove,436,386
0,Harrison,Westside,Westside,137,97
0,Harrison,White Plains,White Plains,111,146
0,Hinds,Bolton,Bolton,91,62
0,Hinds,Brownsville,Brownsville,84,51
0,Hinds,Byram 1,Byram 1,300,190
0,Hinds,Byram 2,Byram 2,362,305
0,Hinds,Byram 3,Byram 3,174,119
0,Hinds,Cayuga,Cayuga,35,15
0,Hinds,Chapel Hill,Chapel Hill,98,61
0,Hinds,Clinton 1,Clinton 1,253,157
0,Hinds,Clinton 2,Clinton 2,594,411
0,Hinds,Clinton 3,Clinton 3,347,327
0,Hinds,Clinton 4,Clinton 4,198,131
0,Hinds,Clinton 5,Clinton 5,222,151
0,Hinds,Clinton 6,Clinton 6,209,161
0,Hinds,Clinton 7,Clinton 7,356,216
0,Hinds,Cynthia,Cynthia,56,12
0,Hinds,Dry Grove,Dry Grove,157,164
0,Hinds,Edwards,Edwards,135,89
0,Hinds,Learned,Learned,87,92
0,Hinds,Old Byram,Old Byram,281,240
0,Hinds,Pinehaven,Pinehaven,498,210
0,Hinds,Pocahontas,Pocahontas,100,43
0,Hinds,Precinct 01,Precinct 01,120,29
0,Hinds,Precinct 02,Precinct 02,22,2
0,Hinds,Precinct 04,Precinct 04,17,3
0,Hinds,Precinct 06,Precinct 06,59,9
0,Hinds,Precinct 08,Precinct 08,258,56
0,Hinds,Precinct 09,Precinct 09,483,96
0,Hinds,Precinct 10,Precinct 10,27,1
0,Hinds,Precinct 11,Precinct 11,23,0
0,Hinds,Precinct 12,Precinct 12,70,7
0,Hinds,Precinct 13,Precinct 13,36,0
0,Hinds,Precinct 14,Precinct 14,352,51
0,Hinds,Precinct 16,Precinct 16,433,93
0,Hinds,Precinct 18,Precinct 18,62,0
0,Hinds,Precinct 19,Precinct 19,29,4
0,Hinds,Precinct 20,Precinct 20,30,2
0,Hinds,Precinct 21,Precinct 21,14,2
0,Hinds,Precinct 22,Precinct 22,84,2
0,Hinds,Precinct 23,Precinct 23,95,4
0,Hinds,Precinct 24,Precinct 24,26,3
0,Hinds,Precinct 25,Precinct 25,60,7
0,Hinds,Precinct 26,Precinct 26,49,5
0,Hinds,Precinct 27,Precinct 27,101,4
0,Hinds,Precinct 28,Precinct 28,70,3
0,Hinds,Precinct 29,Precinct 29,45,4
0,Hinds,Precinct 30,Precinct 30,35,2
0,Hinds,Precinct 31,Precinct 31,81,5
0,Hinds,Precinct 32,Precinct 32,353,65
0,Hinds,Precinct 33,Precinct 33,557,80
0,Hinds,Precinct 34,Precinct 34,772,150
0,Hinds,Precinct 35,Precinct 35,689,132
0,Hinds,Precinct 36,Precinct 36,213,57
0,Hinds,Precinct 37,Precinct 37,197,31
0,Hinds,Precinct 38,Precinct 38,53,10
0,Hinds,Precinct 39,Precinct 39,98,7
0,Hinds,Precinct 40,Precinct 40,67,2
0,Hinds,Precinct 41,Precinct 41,128,5
0,Hinds,Precinct 42,Precinct 42,108,16
0,Hinds,Precinct 43,Precinct 43,89,9
0,Hinds,Precinct 44,Precinct 44,333,91
0,Hinds,Precinct 45,Precinct 45,683,220
0,Hinds,Precinct 46,Precinct 46,795,260
0,Hinds,Precinct 47,Precinct 47,35,5
0,Hinds,Precinct 49,Precinct 49,8,1
0,Hinds,Precinct 50,Precinct 50,37,5
0,Hinds,Precinct 51,Precinct 51,40,5
0,Hinds,Precinct 52,Precinct 52,42,3
0,Hinds,Precinct 54,Precinct 54,19,2
0,Hinds,Precinct 55,Precinct 55,32,1
0,Hinds,Precinct 56,Precinct 56,21,3
0,Hinds,Precinct 57,Precinct 57,51,1
0,Hinds,Precinct 58,Precinct 58,82,2
0,Hinds,Precinct 59,Precinct 59,77,4
0,Hinds,Precinct 60,Precinct 60,12,3
0,Hinds,Precinct 61,Precinct 61,31,1
0,Hinds,Precinct 62,Precinct 62,56,14
0,Hinds,Precinct 63,Precinct 63,31,3
0,Hinds,Precinct 64,Precinct 64,41,3
0,Hinds,Precinct 67,Precinct 67,25,3
0,Hinds,Precinct 68,Precinct 68,144,38
0,Hinds,Precinct 69,Precinct 69,47,9
0,Hinds,Precinct 70,Precinct 70,22,2
0,Hinds,Precinct 71,Precinct 71,45,20
0,Hinds,Precinct 72,Precinct 72,25,5
0,Hinds,Precinct 73,Precinct 73,36,8
0,Hinds,Precinct 74,Precinct 74,40,12
0,Hinds,Precinct 75,Precinct 75,40,17
0,Hinds,Precinct 76,Precinct 76,34,31
0,Hinds,Precinct 77,Precinct 77,77,25
0,Hinds,Precinct 78,Precinct 78,325,94
0,Hinds,Precinct 79,Precinct 79,173,66
0,Hinds,Precinct 80,Precinct 80,94,8
0,Hinds,Precinct 81,Precinct 81,225,13
0,Hinds,Precinct 82,Precinct 82,98,3
0,Hinds,Precinct 83,Precinct 83,204,5
0,Hinds,Precinct 84,Precinct 84,27,0
0,Hinds,Precinct 85,Precinct 85,184,3
0,Hinds,Precinct 86,Precinct 86,47,4
0,Hinds,Precinct 87,Precinct 87,47,10
0,Hinds,Precinct 88,Precinct 88,91,24
0,Hinds,Precinct 89,Precinct 89,26,10
0,Hinds,Precinct 90,Precinct 90,46,20
0,Hinds,Precinct 91,Precinct 91,143,19
0,Hinds,Precinct 92,Precinct 92,150,44
0,Hinds,Precinct 93,Precinct 93,132,35
0,Hinds,Precinct 94,Precinct 94,179,23
0,Hinds,Precinct 95,Precinct 95,64,35
0,Hinds,Precinct 96,Precinct 96,201,89
0,Hinds,Precinct 97,Precinct 97,42,27
0,Hinds,Raymond 1,Raymond 1,357,232
0,Hinds,Raymond 2,Raymond 2,383,286
0,Hinds,Springridge,Springridge,403,314
0,Hinds,St Thomas,St Thomas,19,6
0,Hinds,Terry 1,Terry 1,157,65
0,Hinds,Terry 2,Terry 2,449,468
0,Hinds,Tinnin,Tinnin,162,157
0,Hinds,Utica 1,Utica 1,138,90
0,Hinds,Utica 2,Utica 2,42,38
0,Holmes,1 Acona,1 Acona,20,4
0,Holmes,1 Durant St Anderson,1 Durant St Anderson,20,8
0,Holmes,2 Lexington Sandhill,2 Lexington Sandhill,0,0
0,Holmes,Beat 1 Lexington,Beat 1 Lexington,52,25
0,Holmes,Beat 2 Durant,Beat 2 Durant,51,37
0,Holmes,Beat 2 Sub Durant,Beat 2 Sub Durant,23,17
0,Holmes,Beat 2 West,Beat 2 West,59,28
0,Holmes,Beat 3 Coxburg (A-Z),Beat 3 Coxburg (A-Z),44,31
0,Holmes,Beat 3 Ebenezer (A-Z),Beat 3 Ebenezer (A-Z),66,23
0,Holmes,Beat 3 Goodman,Beat 3 Goodman,54,12
0,Holmes,Beat 3 Pickens,Beat 3 Pickens,72,18
0,Holmes,Beat 4 Lexington,Beat 4 Lexington,84,22
0,Holmes,Beat 4 Thomton (A-Z),Beat 4 Thomton (A-Z),17,8
0,Holmes,Beat 4 Walden Chapel (A-Z),Beat 4 Walden Chapel (A-Z),11,0
0,Holmes,Beat 5 Cruger (A-Z),Beat 5 Cruger (A-Z),34,14
0,Holmes,Beat 5 Lexington (A-Z),Beat 5 Lexington (A-Z),80,44
0,Holmes,Beat 5 Tohula,Beat 5 Tohula,87,23
0,Humphreys,Belzoni North - 1bnh34 1021,Belzoni North - 1bnh34 1021,36,8
0,Humphreys,Belzoni North - 1bnh51 1020,Belzoni North - 1bnh51 1020,94,6
0,Humphreys,Belzoni North - 2bn 2020,Belzoni North - 2bn 2020,41,3
0,Humphreys,Belzoni North - 4bn 4010,Belzoni North - 4bn 4010,146,33
0,Humphreys,Belzoni South - 3bs 3010,Belzoni South - 3bs 3010,22,3
0,Humphreys,Belzoni South - 4bs 4020,Belzoni South - 4bs 4020,82,28
0,Humphreys,Belzoni South - 5bs 5010,Belzoni South - 5bs 5010,15,2
0,Humphreys,Fourmile North - 1fn 1010,Fourmile North - 1fn 1010,16,3
0,Humphreys,Gooden Lake North - 2gn 2030,Gooden Lake North - 2gn 2030,21,5
0,Humphreys,Isola North 2ln 2010,Isola North 2ln 2010,146,37
0,Humphreys,Lake City South - 3ls 3030,Lake City South - 3ls 3030,30,13
0,Humphreys,Loulse South - 5ls 5030,Loulse South - 5ls 5030,43,19
0,Humphreys,Midnight South - 5ms 5020,Midnight South - 5ms 5020,20,10
0,Humphreys,Putnam South - 4ps 4030,Putnam South - 4ps 4030,51,22
0,Humphreys,Silver City South - 3ss 3020,Silver City South - 3ss 3020,50,22
0,Issaquena,Addie Voting Precinct,Addie Voting Precinct,17,9
0,Issaquena,Grace Voting Precinct,Grace Voting Precinct,33,16
0,Issaquena,Mayersville Courthouse,Mayersville Courthouse,9,2
0,Issaquena,Tallula Community Center,Tallula Community Center,37,12
0,Issaquena,Valley Park Community Center,Valley Park Community Center,31,11
0,Itawamba,American Legion,American Legion,279,187
0,Itawamba,Armory,Armory,79,73
0,Itawamba,Banner-Pineville,Banner-Pineville,43,70
0,Itawamba,Bounds,Bounds,18,31
0,Itawamba,Cardsville,Cardsville,18,35
0,Itawamba,Carolina,Carolina,37,45
0,Itawamba,Centerville,Centerville,39,52
0,Itawamba,Clay,Clay,116,124
0,Itawamba,Courthouse,Courthouse,35,33
0,Itawamba,Dorsey,Dorsey,89,154
0,Itawamba,Evergreen,Evergreen,51,52
0,Itawamba,Fairview-Pleasanton,Fairview-Pleasanton,23,25
0,Itawamba,Fawn Grove,Fawn Grove,41,44
0,Itawamba,Friendship,Friendship,23,26
0,Itawamba,Friendship 1D,Friendship 1D,5,7
0,Itawamba,Friendship-4D,Friendship-4D,10,5
0,Itawamba,Friendship-5D,Friendship-5D,29,23
0,Itawamba,Greenwood,Greenwood,31,60
0,Itawamba,Icdc,Icdc,123,95
0,Itawamba,James Creek,James Creek,27,32
0,Itawamba,Kirkville,Kirkville,53,82
0,Itawamba,Mantachie,Mantachie,140,113
0,Itawamba,Mantachie-3D,Mantachie-3D,12,20
0,Itawamba,Ratliff,Ratliff,27,31
0,Itawamba,Ryan,Ryan,35,32
0,Itawamba,Salem-Copeland,Salem-Copeland,33,63
0,Itawamba,Tilden,Tilden,57,69
0,Itawamba,Tremont,Tremont,63,53
0,Jackson,American Legion,American Legion,113,65
0,Jackson,Big Point,Big Point,272,460
0,Jackson,Carterville,Carterville,16,39
0,Jackson,East Central,East Central,642,1191
0,Jackson,Eastlawn,Eastlawn,372,206
0,Jackson,Escatawpa,Escatawpa,438,493
0,Jackson,Fair,Fair,345,212
0,Jackson,Fontainebleau,Fontainebleau,434,562
0,Jackson,Gautier,Gautier,848,756
0,Jackson,Gulf Park Estates,Gulf Park Estates,398,407
0,Jackson,Hickory Hills,Hickory Hills,322,402
0,Jackson,Hwy 57,Hwy 57,51,131
0,Jackson,Jefferson Street,Jefferson Street,251,114
0,Jackson,Larue,Larue,48,47
0,Jackson,Latimer,Latimer,350,501
0,Jackson,North Pascagoula,North Pascagoula,140,83
0,Jackson,North Vancleave,North Vancleave,255,410
0,Jackson,OS Armory,OS Armory,506,291
0,Jackson,OS Civic Ctr,OS Civic Ctr,1318,1080
0,Jackson,OS Community Ctr,OS Community Ctr,94,32
0,Jackson,Orange Grove,Orange Grove,162,226
0,Jackson,Pinecrest,Pinecrest,259,165
0,Jackson,Presbyterian,Presbyterian,223,136
0,Jackson,Rec Center,Rec Center,154,66
0,Jackson,Red Hill,Red Hill,57,96
0,Jackson,Sacred Heart,Sacred Heart,486,255
0,Jackson,South Vancleave,South Vancleave,382,609
0,Jackson,St Martin,St Martin,925,897
0,Jackson,Sue Ellen,Sue Ellen,133,20
0,Jackson,Villa Maria,Villa Maria,155,98
0,Jackson,YMBC-Dantzler,YMBC-Dantzler,310,134
0,Jasper,Antioch,Antioch,23,117
0,Jasper,Bay Springs Beat 3,Bay Springs Beat 3,79,155
0,Jasper,Bay Springs Beat 4,Bay Springs Beat 4,68,186
0,Jasper,Clalborne,Clalborne,27,89
0,Jasper,Feloowship,Feloowship,26,17
0,Jasper,Heldelberg,Heldelberg,167,68
0,Jasper,Holders,Holders,35,86
0,Jasper,Louin,Louin,50,126
0,Jasper,Midway,Midway,35,19
0,Jasper,Montrose,Montrose,24,60
0,Jasper,Moss First,Moss First,1,15
0,Jasper,Moss Second,Moss Second,60,262
0,Jasper,Oak Bowery,Oak Bowery,9,17
0,Jasper,Palestine,Palestine,4,4
0,Jasper,Paulding,Paulding,76,93
0,Jasper,Philadelphia,Philadelphia,24,45
0,Jasper,Rose Hill,Rose Hill,43,72
0,Jasper,Stringer,Stringer,68,476
0,Jasper,Vossburg,Vossburg,37,25
0,Jefferson Davis,Bassfield 26,Bassfield 26,32,47
0,Jefferson Davis,Bassfield 31,Bassfield 31,21,32
0,Jefferson Davis,Bassfield 32,Bassfield 32,21,17
0,Jefferson Davis,Bournham 21,Bournham 21,0,0
0,Jefferson Davis,Carson 22,Carson 22,29,49
0,Jefferson Davis,Clem 41,Clem 41,22,28
0,Jefferson Davis,Good Hope 33,Good Hope 33,18,47
0,Jefferson Davis,Granby 11,Granby 11,8,19
0,Jefferson Davis,Green's Creek 23,Green's Creek 23,31,82
0,Jefferson Davis,Gwinville 51,Gwinville 51,8,6
0,Jefferson Davis,Hathorn 24,Hathorn 24,22,37
0,Jefferson Davis,Hebron 52,Hebron 52,20,16
0,Jefferson Davis,Melba 34,Melba 34,12,18
0,Jefferson Davis,Mt Carmel 42,Mt Carmel 42,4,4
0,Jefferson Davis,North East Prentiss 43,North East Prentiss 43,34,60
0,Jefferson Davis,North West Prentiss 53,North West Prentiss 53,24,28
0,Jefferson Davis,Red House 55,Red House 55,49,20
0,Jefferson Davis,Son's Academy 25,Son's Academy 25,10,27
0,Jefferson Davis,South Prentiss 12,South Prentiss 12,88,125
0,Jefferson Davis,South Prentiss 13,South Prentiss 13,35,35
0,Jefferson Davis,Whiting 56,Whiting 56,26,8
0,Jefferson Davis,Williamson Mill 44,Williamson Mill 44,33,58
0,Jefferson,Cannonsburg 4010,Cannonsburg 4010,16,1
0,Jefferson,Chambliss's Restaurant 5030,Chambliss's Restaurant 5030,25,0
0,Jefferson,Chancery Clerk 3010,Chancery Clerk 3010,30,1
0,Jefferson,Church Hill 4020,Church Hill 4020,40,30
0,Jefferson,City Hall 3020,City Hall 3020,39,1
0,Jefferson,Fayette Manor 5020,Fayette Manor 5020,19,2
0,Jefferson,Harriston 1020,Harriston 1020,10,2
0,Jefferson,Highway 33 2040,Highway 33 2040,4,0
0,Jefferson,Lorman 5010,Lorman 5010,24,14
0,Jefferson,Old Hollywood Church 4030,Old Hollywood Church 4030,37,3
0,Jefferson,Red Lick 1030,Red Lick 1030,12,15
0,Jefferson,Rose Hill # 1 Church,Rose Hill # 1 Church,15,3
0,Jefferson,Stampley 2010,Stampley 2010,10,1
0,Jefferson,Superintendent Office 2020,Superintendent Office 2020,4,0
0,Jefferson,Union Church 1010,Union Church 1010,37,38
0,Jones,Antioch,Antioch,28,206
0,Jones,Big Creek,Big Creek,40,241
0,Jones,Blackwell,Blackwell,12,171
0,Jones,Calhoun,Calhoun,115,892
0,Jones,Centerville,Centerville,14,94
0,Jones,Currie,Currie,25,1
0,Jones,Erata,Erata,48,85
0,Jones,First Assembly of God,First Assembly of God,53,224
0,Jones,George Harrison,George Harrison,116,657
0,Jones,Gitano,Gitano,22,111
0,Jones,Glade,Glade,66,480
0,Jones,Hebron,Hebron,74,114
0,Jones,Johnson,Johnson,17,305
0,Jones,L T Ellis Center,L T Ellis Center,243,21
0,Jones,Landrum,Landrum,17,220
0,Jones,Magnolia Center,Magnolia Center,219,191
0,Jones,Matthews,Matthews,28,289
0,Jones,Moselle,Moselle,78,325
0,Jones,Myrick,Myrick,57,550
0,Jones,North Laurel,North Laurel,351,851
0,Jones,Oak Park School,Oak Park School,90,1
0,Jones,Ovett,Ovett,41,311
0,Jones,Parkview Baptist Church,Parkview Baptist Church,146,266
0,Jones,Pine Grove,Pine Grove,39,426
0,Jones,Pleasant Ridge,Pleasant Ridge,36,345
0,Jones,Powers,Powers,59,467
0,Jones,Rainey,Rainey,49,468
0,Jones,Rustin,Rustin,22,279
0,Jones,Sand Hill,Sand Hill,51,414
0,Jones,Sandersville,Sandersville,61,304
0,Jones,Shady Grove,Shady Grove,203,942
0,Jones,Sharon,Sharon,53,620
0,Jones,Shelton,Shelton,62,161
0,Jones,Soso,Soso,53,321
0,Jones,Springhill/Mauldin,Springhill/Mauldin,88,566
0,Jones,Tuckers,Tuckers,46,399
0,Jones,Union,Union,45,355
0,Kemper,Band Bullding,Band Bullding,30,31
0,Kemper,Courthouse,Courthouse,58,59
0,Kemper,Farmers Market,Farmers Market,7,2
0,Kemper,Fort Stevens,Fort Stevens,40,35
0,Kemper,Kellis Store,Kellis Store,7,7
0,Kemper,Kemper Springs,Kemper Springs,6,3
0,Kemper,Lynville,Lynville,65,43
0,Kemper,Lynwood,Lynwood,58,55
0,Kemper,Mount Nebo,Mount Nebo,26,27
0,Kemper,Porterville,Porterville,32,32
0,Kemper,Preston,Preston,45,36
0,Kemper,Satellite,Satellite,53,43
0,Kemper,Scooba A-L,Scooba A-L,13,31
0,Kemper,Scooba M-Z,Scooba M-Z,46,25
0,Lafayette,Abbeville,Abbeville,78,96
0,Lafayette,Airport Grocery,Airport Grocery,82,91
0,Lafayette,Anchor-Taylor 4,Anchor-Taylor 4,65,93
0,Lafayette,Burgess,Burgess,100,47
0,Lafayette,College Hill,College Hill,289,149
0,Lafayette,Denmark-Laf Springs-Pine Bluff,Denmark-Laf Springs-Pine Bluff,78,86
0,Lafayette,Harmontown,Harmontown,38,99
0,Lafayette,Oxford 1,Oxford 1,635,211
0,Lafayette,Oxford 2,Oxford 2,983,337
0,Lafayette,Oxford 3,Oxford 3,300,95
0,Lafayette,Oxford 4,Oxford 4,662,223
0,Lafayette,Oxford 5,Oxford 5,299,71
0,Lafayette,Paris,Paris,49,79
0,Lafayette,Philadelphia,Philadelphia,31,40
0,Lafayette,Taylor 3,Taylor 3,49,22
0,Lafayette,Tula,Tula,48,61
0,Lafayette,Union West 4,Union West 4,42,33
0,Lafayette,Yocona Community Center,Yocona Community Center,98,103
0,Lamar,Arnold Line,Arnold Line,173,254
0,Lamar,Baxterville,Baxterville,42,113
0,Lamar,Breland,Breland,478,467
0,Lamar,Greenville,Greenville,80,221
0,Lamar,Kingsmill,Kingsmill,455,328
0,Lamar,Lake Serene,Lake Serene,581,649
0,Lamar,Lamar Park,Lamar Park,240,273
0,Lamar,Lumberton,Lumberton,128,186
0,Lamar,Midway,Midway,148,404
0,Lamar,Northeast Lamar,Northeast Lamar,203,189
0,Lamar,Oak Grove,Oak Grove,344,498
0,Lamar,Okahola,Okahola,66,143
0,Lamar,Oloh,Oloh,81,188
0,Lamar,Pine Grove,Pine Grove,71,148
0,Lamar,Purvis,Purvis,236,450
0,Lamar,Richburg,Richburg,339,379
0,Lamar,Rocky Branch,Rocky Branch,70,172
0,Lamar,South Purvis,South Purvis,218,471
0,Lamar,Sumrall,Sumrall,304,689
0,Lamar,Wesley Manor,Wesley Manor,187,149
0,Lamar,Yawn,Yawn,27,80
0,Lauderdale,101 - One,101 - One,563,227
0,Lauderdale,105 - Five,105 - Five,561,147
0,Lauderdale,126 - Andrews Chapel,126 - Andrews Chapel,174,141
0,Lauderdale,127 - Bailey,127 - Bailey,292,205
0,Lauderdale,146 - New Lauderdale,146 - New Lauderdale,377,259
0,Lauderdale,153 - Prospect,153 - Prospect,114,83
0,Lauderdale,175 - West Dalewood,175 - West Dalewood,31,41
0,Lauderdale,202 - Two,202 - Two,86,20
0,Lauderdale,204 - Four,204 - Four,52,19
0,Lauderdale,206 - Six,206 - Six,153,32
0,Lauderdale,214 - Fourteen,214 - Fourteen,42,13
0,Lauderdale,235 - Daleville,235 - Daleville,27,21
0,Lauderdale,237 - East Lauderdale,237 - East Lauderdale,154,185
0,Lauderdale,238 - Marion,238 - Marion,131,90
0,Lauderdale,240 - Kewanee,240 - Kewanee,26,33
0,Lauderdale,254 - Russell,254 - Russell,165,145
0,Lauderdale,262 - Toomsuba,262 - Toomsuba,51,55
0,Lauderdale,303 - Three,303 - Three,104,63
0,Lauderdale,313 - Thirteen,313 - Thirteen,344,214
0,Lauderdale,329 - Center Hill,329 - Center Hill,245,303
0,Lauderdale,331 - Collinsville,331 - Collinsville,304,328
0,Lauderdale,343 - Martin,343 - Martin,165,197
0,Lauderdale,361 - Suqualena,361 - Suqualena,323,334
0,Lauderdale,366 - West Lauderdale,366 - West Lauderdale,0,0
0,Lauderdale,407 - Seven,407 - Seven,92,44
0,Lauderdale,408 - Eight,408 - Eight,86,39
0,Lauderdale,409 - Nine,409 - Nine,55,11
0,Lauderdale,410 - Ten,410 - Ten,24,12
0,Lauderdale,411- Eleven,411- Eleven,31,6
0,Lauderdale,412 - Twelve,412 - Twelve,68,16
0,Lauderdale,415 - Fifteen,415 - Fifteen,12,3
0,Lauderdale,420 - Twenty,420 - Twenty,89,28
0,Lauderdale,450 - Pickard,450 - Pickard,86,112
0,Lauderdale,517 - Seventeen,517 - Seventeen,124,120
0,Lauderdale,525 - Alamucha,525 - Alamucha,29,36
0,Lauderdale,528 - Causeyville,528 - Causeyville,73,99
0,Lauderdale,530 - Clarkdale,530 - Clarkdale,205,275
0,Lauderdale,544 - Meehan,544 - Meehan,82,103
0,Lauderdale,549 - Odom,549 - Odom,56,61
0,Lauderdale,560 - South Nellieburg,560 - South Nellieburg,87,77
0,Lauderdale,563 - Valley,563 - Valley,11,32
0,Lauderdale,564 - Vimville,564 - Vimville,183,170
0,Lauderdale,565 - Whynot,565 - Whynot,71,95
0,Lauderdale,567 - Zero,567 - Zero,189,198
0,Lauderdale,583 - Mt Gilead,583 - Mt Gilead,67,98
0,Lawrence,Armory,Armory,22,29
0,Lawrence,Center,Center,29,29
0,Lawrence,Coopers Creek (A-Z),Coopers Creek (A-Z),74,69
0,Lawrence,Courthouse A-Z,Courthouse A-Z,226,168
0,Lawrence,East Arm,East Arm,17,30
0,Lawrence,Grange,Grange,23,36
0,Lawrence,Hooker,Hooker,13,8
0,Lawrence,Jayess,Jayess,65,71
0,Lawrence,Monticello-Beat 5,Monticello-Beat 5,2,0
0,Lawrence,New Hebron,New Hebron,70,91
0,Lawrence,Nola,Nola,18,12
0,Lawrence,Nola 91,Nola 91,0,0
0,Lawrence,North Silver Creek,North Silver Creek,13,17
0,Lawrence,Oakvale,Oakvale,19,34
0,Lawrence,Oma,Oma,8,10
0,Lawrence,Payton Town,Payton Town,3,6
0,Lawrence,Sontag,Sontag,54,34
0,Lawrence,South Silver Creek,South Silver Creek,17,27
0,Lawrence,Stringer,Stringer,30,31
0,Lawrence,Tilton,Tilton,19,38
0,Lawrence,Topeka,Topeka,38,52
0,Lawrence,Wanilla,Wanilla,7,23
0,Lawrence,Wanilla 91,Wanilla 91,1,2
0,Lawrence,West Arm,West Arm,7,25
0,Lawrence,West District 1,West District 1,36,52
0,Lawrence,West Monticello (A-Z),West Monticello (A-Z),96,49
0,Leake,Conway,Conway,20,16
0,Leake,East Carthage,East Carthage,135,96
0,Leake,Edinburg,Edinburg,63,78
0,Leake,Freeny,Freeny,93,58
0,Leake,Good Hope,Good Hope,61,88
0,Leake,Harmony,Harmony,9,14
0,Leake,Lena,Lena,49,32
0,Leake,Madden,Madden,70,58
0,Leake,North Carthage,North Carthage,153,87
0,Leake,Ofahoma,Ofahoma,22,7
0,Leake,Renfroe,Renfroe,53,53
0,Leake,Salem,Salem,54,63
0,Leake,Singleton,Singleton,50,88
0,Leake,South Carthage,South Carthage,30,49
0,Leake,Sunrise,Sunrise,48,58
0,Leake,Thomastown,Thomastown,19,55
0,Leake,Walnut Grove,Walnut Grove,62,39
0,Leake,West Carthage,West Carthage,36,24
0,Leake,Wiggins,Wiggins,32,18
0,Lee,Auburn,Auburn,121,163
0,Lee,Baldwyn,Baldwyn,105,56
0,Lee,Beech Springs,Beech Springs,101,78
0,Lee,Belden,Belden,333,203
0,Lee,Birmingham Ridge,Birmingham Ridge,239,174
0,Lee,Bissell,Bissell,1111,598
0,Lee,Brewer,Brewer,100,61
0,Lee,Cedar Hill,Cedar Hill,169,177
0,Lee,Davis Box,Davis Box,25,22
0,Lee,East Heights,East Heights,109,85
0,Lee,Eggville,Eggville,60,93
0,Lee,Euciatubba,Euciatubba,34,68
0,Lee,Fellowship,Fellowship,63,74
0,Lee,Friendship,Friendship,38,29
0,Lee,Gilvo,Gilvo,32,28
0,Lee,Guntown,Guntown,59,118
0,Lee,Hebron,Hebron,32,71
0,Lee,Kedron,Kedron,53,70
0,Lee,Mooreville,Mooreville,139,192
0,Lee,Nettleton,Nettleton,120,109
0,Lee,Oak Hill,Oak Hill,269,221
0,Lee,Old Union,Old Union,49,46
0,Lee,Palmetto,Palmetto,75,102
0,Lee,Petersburg,Petersburg,37,43
0,Lee,Palntersville,Palntersville,98,79
0,Lee,Pleasant Grove,Pleasant Grove,63,67
0,Lee,Pratts,Pratts,47,59
0,Lee,Richmond,Richmond,62,70
0,Lee,Saltillo,Saltillo,311,377
0,Lee,Shannon,Shannon,59,46
0,Lee,Tupelo 1,Tupelo 1,274,74
0,Lee,Tupelo 2,Tupelo 2,733,275
0,Lee,Tupelo 3,Tupelo 3,747,455
0,Lee,Tupelo 4 North,Tupelo 4 North,176,73
0,Lee,Tupelo 4 South,Tupelo 4 South,84,34
0,Lee,Tupelo 5,Tupelo 5,115,60
0,Lee,Unity,Unity,50,76
0,Lee,Verona,Verona,130,89
0,Leflore,Central Gwd,Central Gwd,35,10
0,Leflore,East Gwd,East Gwd,23,0
0,Leflore,Minter City,Minter City,45,20
0,Leflore,Money,Money,40,12
0,Leflore,Morgan City,Morgan City,29,12
0,Leflore,Mvsu,Mvsu,15,4
0,Leflore,Ne Gwd,Ne Gwd,43,8
0,Leflore,North Gwd,North Gwd,1153,305
0,Leflore,North Itta Bena,North Itta Bena,31,17
0,Leflore,Precinct 65,Precinct 65,0,0
0,Leflore,Rising Sun,Rising Sun,10,2
0,Leflore,Schlater,Schlater,40,9
0,Leflore,Sidon,Sidon,28,8
0,Leflore,South Gwd,South Gwd,8,1
0,Leflore,South Itta Bena,South Itta Bena,17,4
0,Leflore,Southeast Gwd,Southeast Gwd,82,35
0,Leflore,Southwest Gwd,Southwest Gwd,15,0
0,Leflore,Swiftown,Swiftown,21,0
0,Leflore,West Gwd,West Gwd,83,8
0,Lincoln,Alexander,Alexander,24,2
0,Lincoln,Arlington,Arlington,101,81
0,Lincoln,Big Springs,Big Springs,38,36
0,Lincoln,Bogue Chitto,Bogue Chitto,45,36
0,Lincoln,Bringal,Bringal,21,8
0,Lincoln,Caseyville,Caseyville,64,58
0,Lincoln,City Hall,City Hall,88,35
0,Lincoln,East Lincoln,East Lincoln,71,43
0,Lincoln,Enterprise,Enterprise,149,172
0,Lincoln,Fair River,Fair River,62,38
0,Lincoln,Forrestry,Forrestry,100,80
0,Lincoln,Government Complex A,Government Complex A,0,0
0,Lincoln,Government Complex ,Government Complex ,15,8
0,Lincoln,Halbert Heights A,Halbert Heights A,56,20
0,Lincoln,Halbert Heights B,Halbert Heights B,2,1
0,Lincoln,Halber Heights,Halber Heights,377,157
0,Lincoln,Heucks Retreat,Heucks Retreat,133,100
0,Lincoln,High School,High School,14,7
0,Lincoln,Johnson,Johnson,105,84
0,Lincoln,Johnson Grove,Johnson Grove,108,109
0,Lincoln,Lipsey,Lipsey,139,80
0,Lincoln,Little Bahala,Little Bahala,27,42
0,Lincoln,Loyd Star,Loyd Star,158,138
0,Lincoln,Montgomery,Montgomery,50,42
0,Lincoln,New Sight,New Sight,177,123
0,Lincoln,Norfield,Norfield,52,24
0,Lincoln,Old Brook,Old Brook,312,142
0,Lincoln,Old Red Star,Old Red Star,95,67
0,Lincoln,Pearlhaven,Pearlhaven,42,8
0,Lincoln,Rogers Circle A,Rogers Circle A,4,2
0,Lincoln,Rogers Circle,Rogers Circle,61,42
0,Lincoln,Ruth,Ruth,75,125
0,Lincoln,Vaughn,Vaughn,58,62
0,Lincoln,West Lincoln,West Lincoln,106,113
0,Lincoln,Zetus,Zetus,92,101
0,Lowndes,Airbase,Airbase,89,77
0,Lowndes,Artesia,Artesia,14,13
0,Lowndes,Brandon,Brandon,340,199
0,Lowndes,Caledonia,Caledonia,398,447
0,Lowndes,Coleman,Coleman,5,0
0,Lowndes,Columbus High School,Columbus High School,248,106
0,Lowndes,Crawford,Crawford,48,14
0,Lowndes,First Assembly,First Assembly,830,446
0,Lowndes,Hunt,Hunt,12,0
0,Lowndes,Immanuel School,Immanuel School,132,94
0,Lowndes,National Guard Armory,National Guard Armory,122,77
0,Lowndes,New Hope,New Hope,680,539
0,Lowndes,Plum Grove,Plum Grove,4,4
0,Lowndes,Propst Park Community Hut,Propst Park Community Hut,6,0
0,Lowndes,Rural Hill,Rural Hill,221,270
0,Lowndes,Sale,Sale,69,37
0,Lowndes,Steens,Steens,104,66
0,Lowndes,Townsend Park,Townsend Park,37,11
0,Lowndes,Trinity,Trinity,135,65
0,Lowndes,Union Academy,Union Academy,46,21
0,Lowndes,University,University,222,61
0,Lowndes,West Lowndes,West Lowndes,223,127
0,Madison,Bear Creek,Bear Creek,190,149
0,Madison,Bible Church,Bible Church,6,0
0,Madison,Camden,Camden,53,21
0,Madison,Cameron,Cameron,32,30
0,Madison,Canton Fire Station #4,Canton Fire Station #4,38,24
0,Madison,Canton Precinct 1,Canton Precinct 1,146,91
0,Madison,Canton Precinct 2,Canton Precinct 2,282,161
0,Madison,Canton Precinct 3,Canton Precinct 3,56,49
0,Madison,Canton Precinct 4,Canton Precinct 4,118,34
0,Madison,Canton Precinct 5,Canton Precinct 5,19,1
0,Madison,Canton Precinct 7,Canton Precinct 7,14,2
0,Madison,Cedar Grove Baptist,Cedar Grove Baptist,29,41
0,Madison,China Grove Church,China Grove Church,713,349
0,Madison,Colonial Heights,Colonial Heights,216,134
0,Madison,Couparle,Couparle,4,2
0,Madison,FBC Madison Campus,FBC Madison Campus,523,365
0,Madison,FBC of Madison,FBC of Madison,800,435
0,Madison,Farmhaven,Farmhaven,47,27
0,Madison,Feans Chapel Freewill Baptist,Feans Chapel Freewill Baptist,220,232
0,Madison,First Presbyterian Madison,First Presbyterian Madison,563,330
0,Madison,Gluckstadt @ St Joe Catholic,Gluckstadt @ St Joe Catholic,738,503
0,Madison,Greater Mt Levi Full Gospel,Greater Mt Levi Full Gospel,7,4
0,Madison,Highland Colony Baptist,Highland Colony Baptist,1264,380
0,Madison,Lake Caroline Clubhouse,Lake Caroline Clubhouse,536,362
0,Madison,Mad. Co. Baptis Family Life Ct,Mad. Co. Baptis Family Life Ct,40,0
0,Madison,Magnolia Heights,Magnolia Heights,69,65
0,Madison,New Life,New Life,386,320
0,Madison,Northbay,Northbay,337,154
0,Madison,Parkway,Parkway,1088,456
0,Madison,Pleasant Gift Baptist,Pleasant Gift Baptist,101,94
0,Madison,Rigel's 1st Methodist Church,Rigel's 1st Methodist Church,432,270
0,Madison,Ridgeland Precinct 4,Ridgeland Precinct 4,111,54
0,Madison,Ridgeland Recreation Center,Ridgeland Recreation Center,805,401
0,Madison,Sharon,Sharon,38,18
0,Madison,Smith-School,Smith-School,86,79
0,Madison,Sunnybrook,Sunnybrook,165,80
0,Madison,Tougaloo,Tougaloo,17,0
0,Madison,Trace Ridge Baptist Church,Trace Ridge Baptist Church,616,285
0,Madison,Twin Lakes Baptist Church,Twin Lakes Baptist Church,317,144
0,Madison,Victory Baptist,Victory Baptist,486,217
0,Madison,Victory Christian Comm. Church,Victory Christian Comm. Church,699,428
0,Madison,Virlilia,Virlilia,84,43
0,Marion,Balls Mills,Balls Mills,44,135
0,Marion,Carley,Carley,97,270
0,Marion,Cedar Grove,Cedar Grove,39,98
0,Marion,City Hall,City Hall,33,49
0,Marion,Court House,Court House,98,109
0,Marion,Darbun,Darbun,34,52
0,Marion,East Columbia,East Columbia,83,102
0,Marion,Foxworth,Foxworth,77,145
0,Marion,Goss,Goss,54,135
0,Marion,Hub,Hub,34,70
0,Marion,Jefferson School,Jefferson School,8,0
0,Marion,Kokomo,Kokomo,38,111
0,Marion,Little Rock,Little Rock,22,47
0,Marion,Morgantown,Morgantown,41,111
0,Marion,Morris,Morris,128,320
0,Marion,National Guard,National Guard,300,400
0,Marion,Pine Burr,Pine Burr,20,110
0,Marion,Pittman,Pittman,41,126
0,Marion,Popetown,Popetown,81,132
0,Marion,Sandy Hook,Sandy Hook,29,85
0,Marion,South Columbia,South Columbia,6,1
0,Marion,Union,Union,29,117
0,Marion,White Bluff,White Bluff,11,25
0,Marshall,1 North Holly Springs,1 North Holly Springs,59,40
0,Marshall,1 Red Banks,1 Red Banks,32,103
0,Marshall,1 West Holly Springs,1 West Holly Springs,66,32
0,Marshall,2 Early Grove,2 Early Grove,2,22
0,Marshall,2 Hudsonville,2 Hudsonville,7,23
0,Marshall,2 Mt Pleasant,2 Mt Pleasant,50,204
0,Marshall,2 North Cayce,2 North Cayce,24,65
0,Marshall,2 North Holly Springs,2 North Holly Springs,42,22
0,Marshall,2 Slayden,2 Slayden,30,105
0,Marshall,3 Barton,3 Barton,61,253
0,Marshall,3 Byhalia,3 Byhalia,122,251
0,Marshall,3 Cayce,3 Cayce,23,68
0,Marshall,4 Chulahoma,4 Chulahoma,9,18
0,Marshall,4 Laws Hill,4 Laws Hill,5,19
0,Marshall,4 Marianna,4 Marianna,36,43
0,Marshall,4 Victoria,4 Victoria,44,37
0,Marshall,4 Wall Hill,4 Wall Hill,20,40
0,Marshall,4 Warsaw,4 Warsaw,12,57
0,Marshall,4 Watson,4 Watson,34,82
0,Marshall,5 Bethlehem,5 Bethlehem,23,55
0,Marshall,5 Comersville,5 Comersville,17,43
0,Marshall,5 Potts Camp,5 Potts Camp,111,113
0,Marshall,5 South Holly Springs,5 South Holly Springs,175,161
0,Marshall,5 Waterford,5 Waterford,25,87
0,Monroe,1 Armory First,1 Armory First,209,111
0,Monroe,1 Bigbee,1 Bigbee,15,26
0,Monroe,1 Boyds,1 Boyds,51,72
0,Monroe,1 Hatley,1 Hatley,206,227
0,Monroe,1 Smithville,1 Smithville,147,89
0,Monroe,2 Armory Second,2 Armory Second,310,240
0,Monroe,2 Becker,2 Becker,162,158
0,Monroe,2 Parham,2 Parham,32,27
0,Monroe,2 Sipsey,2 Sipsey,22,35
0,Monroe,2 Williams,2 Williams,5,20
0,Monroe,3 Aberdeen Third,3 Aberdeen Third,168,83
0,Monroe,3 Athens,3 Athens,64,58
0,Monroe,3 Bartahatchie,3 Bartahatchie,54,34
0,Monroe,3 Greenwood Springs,3 Greenwood Springs,26,21
0,Monroe,3 Hamilton,3 Hamilton,156,196
0,Monroe,3 Lackey,3 Lackey,128,120
0,Monroe,4 Darracott,4 Darracott,41,30
0,Monroe,4 Gibson,4 Gibson,22,17
0,Monroe,4 North Aberdeen,4 North Aberdeen,158,86
0,Monroe,4 Prairie,4 Prairie,8,14
0,Monroe,4 South Aberdeen,4 South Aberdeen,57,22
0,Monroe,5 Amory Fifth,5 Amory Fifth,0,0
0,Monroe,5 Central Grove,5 Central Grove,26,22
0,Monroe,5 Nettleton,5 Nettleton,54,75
0,Monroe,5 Willis,5 Willis,40,23
0,Monroe,5 Wren,5 Wren,103,117
0,Montgomery,Duck Hill,Duck Hill,57,81
0,Montgomery,East Winona,East Winona,48,31
0,Montgomery,Kilmichael,Kilmichael,65,58
0,Montgomery,Lodi,Lodi,8,8
0,Montgomery,Mt. Pisgah,Mt. Pisgah,23,41
0,Montgomery,North Duck Hill,North Duck Hill,17,21
0,Montgomery,North Kilmichael,North Kilmichael,1,5
0,Montgomery,North Mt Pisgah Sweethome,North Mt Pisgah Sweethome,16,18
0,Montgomery,North Winona,North Winona,190,97
0,Montgomery,Nations,Nations,37,57
0,Montgomery,Popiar Creek,Popiar Creek,11,28
0,Montgomery,South Winoma,South Winoma,63,31
0,Montgomery,Southeast Winoma,Southeast Winoma,20,20
0,Montgomery,Stewart,Stewart,17,18
0,Montgomery,West Winoma,West Winoma,97,101
0,Neshoba,Arlington,Arlington,65,61
0,Neshoba,Bogue Chitto,Bogue Chitto,23,4
0,Neshoba,Burnside,Burnside,30,33
0,Neshoba,Center,Center,50,44
0,Neshoba,County Line,County Line,57,79
0,Neshoba,Deemer,Deemer,42,36
0,Neshoba,Dixon,Dixon,67,71
0,Neshoba,East Neshoba,East Neshoba,17,18
0,Neshoba,Fairview,Fairview,33,23
0,Neshoba,Forestdale,Forestdale,70,46
0,Neshoba,Fork,Fork,44,52
0,Neshoba,Fusky,Fusky,36,64
0,Neshoba,Hays,Hays,65,53
0,Neshoba,Herbert,Herbert,50,68
0,Neshoba,Hope,Hope,36,29
0,Neshoba,House,House,95,83
0,Neshoba,Mcdonald,Mcdonald,79,105
0,Neshoba,Neshoba,Neshoba,58,68
0,Neshoba,North Bend,North Bend,88,68
0,Neshoba,Northeast Philadelphia,Northeast Philadelphia,299,207
0,Neshoba,Northwest Philadelphia,Northwest Philadelphia,56,33
0,Neshoba,Pearl River,Pearl River,61,18
0,Neshoba,South Philadelphia,South Philadelphia,44,22
0,Neshoba,Southeast Philadelphia,Southeast Philadelphia,298,184
0,Neshoba,Tucker - District One,Tucker - District One,9,4
0,Neshoba,Tucker - District Three,Tucker - District Three,95,97
0,Neshoba,Zephyrhill,Zephyrhill,51,48
0,Newton,Chunky,Chunky,50,120
0,Newton,Conehatta,Conehatta,53,76
0,Newton,Decatur #1,Decatur #1,101,98
0,Newton,Decatur 2,Decatur 2,108,81
0,Newton,Duffee,Duffee,91,104
0,Newton,Hickory,Hickory,140,226
0,Newton,Lawrence,Lawrence,113,126
0,Newton,Little Rock,Little Rock,118,186
0,Newton,Newton #1,Newton #1,29,11
0,Newton,Newton #4,Newton #4,150,141
0,Newton,Newton #5,Newton #5,123,50
0,Newton,Prospect,Prospect,75,66
0,Newton,Scanian,Scanian,129,108
0,Newton,Union #1,Union #1,23,20
0,Newton,Union #2,Union #2,105,110
0,Newton,Union #3,Union #3,58,65
0,Noxubee,Brooksville,Brooksville,110,59
0,Noxubee,Cliftonville,Cliftonville,6,13
0,Noxubee,District 3 Central,District 3 Central,63,34
0,Noxubee,Earl Nash Gym,Earl Nash Gym,98,53
0,Noxubee,Mashulaville,Mashulaville,42,43
0,Noxubee,Prairie Point,Prairie Point,20,27
0,Noxubee,Shuqualak,Shuqualak,46,42
0,Noxubee,Summerville,Summerville,16,31
0,Noxubee,Vo-Tech,Vo-Tech,0,0
0,Oktibbeha,Bell Schoolhouse,Bell Schoolhouse,48,39
0,Oktibbeha,Center Grove/North Adaton,Center Grove/North Adaton,84,68
0,Oktibbeha,Central Starkville,Central Starkville,106,23
0,Oktibbeha,Craig Springs/South Bradley,Craig Springs/South Bradley,52,38
0,Oktibbeha,East Starkville,East Starkville,37,6
0,Oktibbeha,Gillespie,Gillespie,121,33
0,Oktibbeha,Hickory Grove/Southeast,Hickory Grove/Southeast,128,145
0,Oktibbeha,Maben,Maben,35,14
0,Oktibbeha,North Longview,North Longview,166,80
0,Oktibbeha,North Starkville District 2,North Starkville District 2,68,19
0,Oktibbeha,North Starkville District 3,North Starkville District 3,445,111
0,Oktibbeha,Northeast Starkville,Northeast Starkville,77,31
0,Oktibbeha,Oktoc,Oktoc,105,35
0,Oktibbeha,Osborn,Osborn,103,43
0,Oktibbeha,Self Creek/Double Springs,Self Creek/Double Springs,81,78
0,Oktibbeha,Sessums,Sessums,88,38
0,Oktibbeha,South Adaton,South Adaton,79,51
0,Oktibbeha,South Longview,South Longview,41,23
0,Oktibbeha,South Starkville,South Starkville,1222,303
0,Oktibbeha,Sturgis/North Bradley,Sturgis/North Bradley,136,135
0,Oktibbeha,West Starkville,West Starkville,522,220
0,Panola,Batesville # 3,Batesville # 3,102,105
0,Panola,Cold Springs,Cold Springs,11,28
0,Panola,Cole'S Point,Cole'S Point,40,80
0,Panola,Como,Como,68,88
0,Panola,Courtland,Courtland,47,48
0,Panola,Crenshaw,Crenshaw,24,31
0,Panola,Curtis,Curtis,14,14
0,Panola,East Batesville,East Batesville,173,179
0,Panola,East Batesville # 4,East Batesville # 4,157,78
0,Panola,East Sardis,East Sardis,55,78
0,Panola,Enon,Enon,17,23
0,Panola,Eureka,Eureka,83,155
0,Panola,Longtown,Longtown,14,26
0,Panola,Macedonia-Concord,Macedonia-Concord,9,9
0,Panola,North Batesville # A,North Batesville # A,110,74
0,Panola,North Batesville # B,North Batesville # B,9,39
0,Panola,North Springport,North Springport,67,102
0,Panola,Pleasant Grove,Pleasant Grove,14,46
0,Panola,Pleasant Mount,Pleasant Mount,24,53
0,Panola,Pope,Pope,69,128
0,Panola,South Sardis,South Sardis,60,60
0,Panola,South Springport,South Springport,71,149
0,Panola,Tocowa,Tocowa,96,115
0,Panola,West Sardis,West Sardis,12,22
0,Pearl River,Anchor Lake/West Union Beat 5,Anchor Lake/West Union Beat 5,47,229
0,Pearl River,Buck Branch Beat 2,Buck Branch Beat 2,24,159
0,Pearl River,Byrdline Beat 2,Byrdline Beat 2,20,55
0,Pearl River,Carriere Beat 5,Carriere Beat 5,75,279
0,Pearl River,Ceasar Beat 3,Ceasar Beat 3,31,172
0,Pearl River,Derby Bt. 1,Derby Bt. 1,36,106
0,Pearl River,Ford'S Creek Beat 2,Ford'S Creek Beat 2,20,41
0,Pearl River,Gumpond Beat 3,Gumpond Beat 3,75,198
0,Pearl River,Henleyfield Beat 2,Henleyfield Beat 2,64,246
0,Pearl River,Hickory Grove Beat 3,Hickory Grove Beat 3,16,43
0,Pearl River,Hide-A-Way/North Hill Bt. 5,Hide-A-Way/North Hill Bt. 5,127,462
0,Pearl River,Moneill Beat 3,Moneill Beat 3,47,153
0,Pearl River,Mill Creek Beat 2,Mill Creek Beat 2,31,162
0,Pearl River,Nicholson Beat 4,Nicholson Beat 4,60,144
0,Pearl River,Oak Hill Beat 2,Oak Hill Beat 2,68,177
0,Pearl River,Ozona Beat 3,Ozona Beat 3,50,217
0,Pearl River,Picayune Beat 1 Southside,Picayune Beat 1 Southside,137,70
0,Pearl River,Picayune Beat 2,Picayune Beat 2,187,284
0,Pearl River,Picayune Beat 4 East,Picayune Beat 4 East,24,92
0,Pearl River,Picayune Beat 4 West,Picayune Beat 4 West,68,149
0,Pearl River,Picayune Beat 5,Picayune Beat 5,150,327
0,Pearl River,Picayune Bt. 1 Eastside Annex,Picayune Bt. 1 Eastside Annex,96,80
0,Pearl River,Pine Grove Beat 4,Pine Grove Beat 4,72,327
0,Pearl River,Poplarville Beat 1,Poplarville Beat 1,82,114
0,Pearl River,Poplarville Beat 2,Poplarville Beat 2,93,153
0,Pearl River,Poplarville Beat 3,Poplarville Beat 3,79,211
0,Pearl River,Progress Beat 3,Progress Beat 3,26,61
0,Pearl River,Salem Beat 4,Salem Beat 4,109,417
0,Pearl River,Savannah Beat 3,Savannah Beat 3,35,178
0,Pearl River,Steep Hollow Beat 3,Steep Hollow Beat 3,64,139
0,Pearl River,Sycamore Beat 5,Sycamore Beat 5,70,211
0,Pearl River,Whitesand Beat 2,Whitesand Beat 2,26,65
0,Pearl River,Whitesand Bt 1,Whitesand Bt 1,27,37
0,Perry,Arlington 4100,Arlington 4100,67,106
0,Perry,Beaumont District 1 1030,Beaumont District 1 1030,23,31
0,Perry,Beaumont Senior Citizens 5120,Beaumont Senior Citizens 5120,44,52
0,Perry,Courthouse 5110,Courthouse 5110,35,100
0,Perry,Deep Creek 5150,Deep Creek 5150,11,23
0,Perry,Hintonville 4090,Hintonville 4090,24,56
0,Perry,Indian Springs 1010,Indian Springs 1010,32,64
0,Perry,Janice 5140,Janice 5140,65,125
0,Perry,Miracle Temple COGIC 1040,Miracle Temple COGIC 1040,12,9
0,Perry,New Augusta Community Center,New Augusta Community Center,18,29
0,Perry,Prospect 2050,Prospect 2050,26,53
0,Perry,Richton City Hall 3070,Richton City Hall 3070,89,248
0,Perry,Richton Holly Street 3060,Richton Holly Street 3060,71,101
0,Perry,Richton Multi Purpose 4080,Richton Multi Purpose 4080,54,72
0,Perry,Runnelstown 2040,Runnelstown 2040,90,303
0,Perry,Thompson Hill 5130,Thompson Hill 5130,9,19
0,Pike,(01) New Hope Baptist Church,(01) New Hope Baptist Church,36,14
0,Pike,(02) S McComb Baptist Church,(02) S McComb Baptist Church,37,19
0,Pike,(03) Summit Learn. Center,(03) Summit Learn. Center,32,11
0,Pike,(04) Mlk Center,(04) Mlk Center,13,4
0,Pike,(05) American Leg. Hut,(05) American Leg. Hut,180,102
0,Pike,(06) S. Pike Comm. Ctr.,(06) S. Pike Comm. Ctr.,8,0
0,Pike,(07) Alpha Center,(07) Alpha Center,28,20
0,Pike,(08) Fernwood School,(08) Fernwood School,72,51
0,Pike,(09) Magnolia Comm Ctr.,(09) Magnolia Comm Ctr.,108,49
0,Pike,(10) Braswell Education Complex,(10) Braswell Education Complex,91,71
0,Pike,(11) Leggett Community,(11) Leggett Community,40,34
0,Pike,(12) Mepa Bldg. Hwy 98 East,(12) Mepa Bldg. Hwy 98 East,140,152
0,Pike,(13) Holmesville Comm.,(13) Holmesville Comm.,65,79
0,Pike,(14) Calvary Baptist Church,(14) Calvary Baptist Church,90,131
0,Pike,(15) Old Jones School,(15) Old Jones School,109,113
0,Pike,(16) Summit City Hall,(16) Summit City Hall,130,79
0,Pike,(17) Southwest BSU Bldg.,(17) Southwest BSU Bldg.,134,121
0,Pike,(18) Johnston Chapel Meth. Church,(18) Johnston Chapel Meth. Church,147,188
0,Pike,(19) Pisgah Methodist Church,(19) Pisgah Methodist Church,297,199
0,Pike,(20) Pike Co. Nat. Bank,(20) Pike Co. Nat. Bank,92,99
0,Pike,(21) Unity Missionary Baptist Church,(21) Unity Missionary Baptist Church,94,119
0,Pike,(22) Church of Christ,(22) Church of Christ,170,80
0,Pike,(23) West McComb Bapt. Church,(23) West McComb Bapt. Church,143,117
0,Pike,(24) St. Mary of the Pines,(24) St. Mary of the Pines,79,149
0,Pike,(25) Osyka City Hall,(25) Osyka City Hall,25,60
0,Pontotoc,Algoma Al,Algoma Al,98,73
0,Pontotoc,Bankhead Ba,Bankhead Ba,73,73
0,Pontotoc,Beckham Bec,Beckham Bec,80,87
0,Pontotoc,Bethel/Endville Be,Bethel/Endville Be,92,88
0,Pontotoc,Buchanan Bu,Buchanan Bu,59,71
0,Pontotoc,Cherry Creek Cc,Cherry Creek Cc,71,70
0,Pontotoc,Ecru Ec,Ecru Ec,71,88
0,Pontotoc,Friendship Fr,Friendship Fr,34,36
0,Pontotoc,Hoyle Ho,Hoyle Ho,92,88
0,Pontotoc,Hurricane Hu,Hurricane Hu,90,56
0,Pontotoc,Judah Ju,Judah Ju,67,36
0,Pontotoc,Longview Lo,Longview Lo,29,40
0,Pontotoc,Oakhill Oh,Oakhill Oh,42,43
0,Pontotoc,Pontotoc 1 P1,Pontotoc 1 P1,97,58
0,Pontotoc,Pontotoc 2 P2,Pontotoc 2 P2,102,67
0,Pontotoc,Pontotoc 3 P3,Pontotoc 3 P3,186,92
0,Pontotoc,Pontotoc 4 P4,Pontotoc 4 P4,45,79
0,Pontotoc,Pontotoc 5 P5,Pontotoc 5 P5,227,182
0,Pontotoc,Randolph,Randolph,87,92
0,Pontotoc,Robbs Ro,Robbs Ro,6,8
0,Pontotoc,Shreman Sh,Shreman Sh,71,53
0,Pontotoc,Springville Sp,Springville Sp,89,92
0,Pontotoc,Thaxton Th,Thaxton Th,122,68
0,Pontotoc,Toccopola To,Toccopola To,38,32
0,Pontotoc,Troy Tr,Troy Tr,76,98
0,Pontotoc,Turnpike Tu,Turnpike Tu,69,72
0,Pontotoc,Woodland Wo,Woodland Wo,37,27
0,Pontotoc,Zion Z,Zion Z,70,41
0,Prentiss,Baldwyn,Baldwyn,145,96
0,Prentiss,Blackland,Blackland,54,31
0,Prentiss,Booneville/Ag-Ctr,Booneville/Ag-Ctr,112,90
0,Prentiss,Cairo,Cairo,37,46
0,Prentiss,Cross Roads,Cross Roads,34,48
0,Prentiss,East Booneville,East Booneville,73,64
0,Prentiss,Hills Chapel - New Hope,Hills Chapel - New Hope,88,82
0,Prentiss,Ingram,Ingram,30,35
0,Prentiss,Marietta,Marietta,46,42
0,Prentiss,New Site,New Site,44,60
0,Prentiss,North Booneville/Sunflower,North Booneville/Sunflower,24,22
0,Prentiss,Thrasher,Thrasher,55,26
0,Prentiss,Tuscumbia-New Candler,Tuscumbia-New Candler,48,75
0,Prentiss,West Booneville,West Booneville,281,171
0,Prentiss,Wheeler,Wheeler,81,56
0,Quitman,Crenshaw,Crenshaw,0,0
0,Quitman,Crowder,Crowder,39,59
0,Quitman,Darling,Darling,12,4
0,Quitman,District 3 North,District 3 North,83,20
0,Quitman,District 3 South,District 3 South,64,39
0,Quitman,Lambert,Lambert,22,11
0,Quitman,North West Marks,North West Marks,47,14
0,Quitman,Sledge,Sledge,17,7
0,Quitman,South West Marks,South West Marks,27,6
0,Quitman,West Lambert,West Lambert,18,15
0,Rankin,Antioch,Antioch,53,82
0,Rankin,Brandon Central,Brandon Central,348,268
0,Rankin,Briar Hill,Briar Hill,111,129
0,Rankin,Castlewoods East,Castlewoods East,640,411
0,Rankin,Castlewoods West,Castlewoods West,607,443
0,Rankin,Cato,Cato,177,213
0,Rankin,City Hall,City Hall,271,227
0,Rankin,Clear Branch,Clear Branch,127,172
0,Rankin,Cleary,Cleary,311,355
0,Rankin,Crest Park,Crest Park,287,291
0,Rankin,Crossroads,Crossroads,138,140
0,Rankin,Cunningham Heights,Cunningham Heights,146,159
0,Rankin,Dry Creek,Dry Creek,161,174
0,Rankin,East Brandon,East Brandon,438,381
0,Rankin,East Crossgates,East Crossgates,740,659
0,Rankin,East Steen Creek,East Steen Creek,389,463
0,Rankin,Eldorado,Eldorado,340,285
0,Rankin,Fannin,Fannin,314,284
0,Rankin,Flowood Library,Flowood Library,477,408
0,Rankin,Grant's Ferry,Grant's Ferry,586,483
0,Rankin,Greenfield,Greenfield,280,304
0,Rankin,Highlands/Patrick Farms,Highlands/Patrick Farms,229,207
0,Rankin,Johns,Johns,130,97
0,Rankin,Leesburg,Leesburg,120,165
0,Rankin,Liberty,Liberty,416,268
0,Rankin,Mayton,Mayton,42,42
0,Rankin,Mountain Creek,Mountain Creek,74,90
0,Rankin,North Brandon,North Brandon,453,349
0,Rankin,North Mclaurin,North Mclaurin,163,184
0,Rankin,North Richland,North Richland,222,271
0,Rankin,Northeast Brandon,Northeast Brandon,523,460
0,Rankin,Northshore,Northshore,648,426
0,Rankin,Oakdale,Oakdale,484,542
0,Rankin,Pelahatchie,Pelahatchie,384,338
0,Rankin,Pisgah,Pisgah,85,84
0,Rankin,Puckett,Puckett,123,117
0,Rankin,Reservoir East,Reservoir East,514,370
0,Rankin,Reservoir West,Reservoir West,404,350
0,Rankin,Shiloh,Shiloh,66,65
0,Rankin,South Brandon,South Brandon,141,155
0,Rankin,South Mclaurin,South Mclaurin,214,213
0,Rankin,South Pearson,South Pearson,79,44
0,Rankin,South Richland,South Richland,333,421
0,Rankin,Springhill,Springhill,371,265
0,Rankin,Star,Star,121,177
0,Rankin,West Brandon,West Brandon,286,202
0,Rankin,West Crossgates,West Crossgates,651,436
0,Rankin,West Pearl,West Pearl,147,156
0,Rankin,West Steen Creek,West Steen Creek,336,375
0,Rankin,YMCA,YMCA,203,174
0,Scott,Beat 1/Harperville,Beat 1/Harperville,61,51
0,Scott,Beat 1/Hillsboro,Beat 1/Hillsboro,41,64
0,Scott,Beat 1/North Forest,Beat 1/North Forest,50,36
0,Scott,Beat 2/High Hill,Beat 2/High Hill,33,39
0,Scott,Beat 2/Homewood,Beat 2/Homewood,42,45
0,Scott,Beat 2/Lake,Beat 2/Lake,27,40
0,Scott,Beat 2/South Forest,Beat 2/South Forest,124,67
0,Scott,Beat 2/Usry,Beat 2/Usry,48,45
0,Scott,Beat 3/Cooperville,Beat 3/Cooperville,50,61
0,Scott,Beat 3/Eastwest Morton,Beat 3/Eastwest Morton,151,139
0,Scott,Beat 3/Northwest Forest,Beat 3/Northwest Forest,38,32
0,Scott,Beat 3/Pulaski,Beat 3/Pulaski,34,54
0,Scott,Beat 3/Springfield,Beat 3/Springfield,66,51
0,Scott,Beat 4/Clifton,Beat 4/Clifton,11,17
0,Scott,Beat 4/Contrell,Beat 4/Contrell,21,25
0,Scott,Beat 4/Frokville,Beat 4/Frokville,61,57
0,Scott,Beat 4/Liberty,Beat 4/Liberty,96,80
0,Scott,Beat 4/Ludlow,Beat 4/Ludlow,43,110
0,Scott,Beat 4/North Morton,Beat 4/North Morton,63,50
0,Scott,Beat 5/Langs Mill,Beat 5/Langs Mill,61,83
0,Scott,Beat 5/Northeast Forest,Beat 5/Northeast Forest,112,88
0,Scott,Beat 5/Salem,Beat 5/Salem,23,55
0,Scott,Beat 5/Sebastopol,Beat 5/Sebastopol,34,70
0,Scott,Beat 5/Steele,Beat 5/Steele,42,51
0,Sharkey,Anguilla Fifth District,Anguilla Fifth District,33,1
0,Sharkey,Anguilla Fourth District,Anguilla Fourth District,110,25
0,Sharkey,Cary Second District,Cary Second District,105,10
0,Sharkey,Delta City Fifth District,Delta City Fifth District,41,23
0,Sharkey,Rolling Fork First District,Rolling Fork First District,187,38
0,Sharkey,Rolling Fork Fourth District,Rolling Fork Fourth District,7,0
0,Sharkey,Rolling Fork Second District,Rolling Fork Second District,4,1
0,Sharkey,Rolling Fork Third District,Rolling Fork Third District,49,5
0,Sharkey,Spanish Fort First District,Spanish Fort First District,14,10
0,Sharkey,Straight Bayou Fourth District,Straight Bayou Fourth District,21,5
0,Simpson,Bowie,Bowie,41,54
0,Simpson,Braxton,Braxton,173,169
0,Simpson,Bridgeport,Bridgeport,16,26
0,Simpson,D'Lo,D'Lo,92,47
0,Simpson,Dry Creek,Dry Creek,88,143
0,Simpson,Fork Church,Fork Church,21,21
0,Simpson,Harrisville,Harrisville,156,159
0,Simpson,Jupiter,Jupiter,57,24
0,Simpson,Magee 1,Magee 1,20,13
0,Simpson,Magee 2,Magee 2,179,216
0,Simpson,Magee 4 North,Magee 4 North,150,74
0,Simpson,Magee 4 South,Magee 4 South,175,141
0,Simpson,Mendehall 3,Mendehall 3,222,152
0,Simpson,Mendenhall 1,Mendenhall 1,17,17
0,Simpson,Merit,Merit,181,98
0,Simpson,New Hope,New Hope,25,30
0,Simpson,Oak Grove,Oak Grove,76,61
0,Simpson,Pearl,Pearl,86,117
0,Simpson,Pinola,Pinola,78,37
0,Simpson,Saratoga,Saratoga,34,23
0,Simpson,Shivers,Shivers,32,36
0,Simpson,Sumrall,Sumrall,64,76
0,Simpson,Weathersby,Weathersby,55,18
0,Smith,Ag-Complex,Ag-Complex,69,166
0,Smith,Burns,Burns,35,47
0,Smith,Cedar Grove,Cedar Grove,26,33
0,Smith,Center Ridge,Center Ridge,46,125
0,Smith,Clear Springs-Pineville,Clear Springs-Pineville,43,90
0,Smith,Lorena - Spinola,Lorena - Spinola,35,71
0,Smith,Mize,Mize,48,158
0,Smith,North Raleigh,North Raleigh,58,116
0,Smith,Polkville - 77,Polkville - 77,56,101
0,Smith,Polkville - 79,Polkville - 79,23,23
0,Smith,Shady Grove,Shady Grove,57,117
0,Smith,Summerland,Summerland,83,103
0,Smith,Sylvarena,Sylvarena,21,73
0,Smith,Taylorsville,Taylorsville,107,332
0,Smith,Union-New Home,Union-New Home,29,162
0,Smith,Warren Hill,Warren Hill,28,20
0,Smith,West Raleigh,West Raleigh,46,92
0,Smith,White Oak,White Oak,62,82
0,Smith,Zion Hill - New Haven,Zion Hill - New Haven,85,184
0,Stone,American Legion,American Legion,104,59
0,Stone,Big Level,Big Level,147,164
0,Stone,Bond,Bond,11,40
0,Stone,Courthouse,Courthouse,115,70
0,Stone,Elarbee,Elarbee,36,128
0,Stone,Flint Creek,Flint Creek,161,181
0,Stone,Magnolia,Magnolia,53,104
0,Stone,Mchenry Fire Station,Mchenry Fire Station,110,135
0,Stone,Mchenry Library,Mchenry Library,43,86
0,Stone,New Hope,New Hope,56,51
0,Stone,Old Hospital,Old Hospital,153,110
0,Stone,Perkinston,Perkinston,62,68
0,Stone,Pleasant Hill,Pleasant Hill,47,54
0,Stone,Ten Mile,Ten Mile,63,68
0,Stone,Tuxechana,Tuxechana,156,260
0,Sunflower,11-Inverness,11-Inverness,207,53
0,Sunflower,12-Moorhead,12-Moorhead,59,16
0,Sunflower,13-Indianola #1 Southeast,13-Indianola #1 Southeast,2,0
0,Sunflower,21-Indianola #2 West,21-Indianola #2 West,101,32
0,Sunflower,22-Indianola #2 East,22-Indianola #2 East,24,2
0,Sunflower,31-Indianola #3 South,31-Indianola #3 South,259,76
0,Sunflower,32-Indianola #3 North,32-Indianola #3 North,55,25
0,Sunflower,33-Indianola #3 Northeast,33-Indianola #3 Northeast,90,41
0,Sunflower,41-Fairview-Hale,41-Fairview-Hale,32,11
0,Sunflower,42-Boyer-Linn,42-Boyer-Linn,62,26
0,Sunflower,43-Doddsville,43-Doddsville,16,5
0,Sunflower,44-Ruleville,44-Ruleville,57,14
0,Sunflower,45-Sunflower 4,45-Sunflower 4,50,15
0,Sunflower,51-Ruleville North,51-Ruleville North,57,23
0,Sunflower,52-Sunflower Plantation,52-Sunflower Plantation,17,27
0,Sunflower,53-Rome,53-Rome,6,13
0,Sunflower,54-Drew,54-Drew,93,49
0,Tallahatchie,Blue Cane,Blue Cane,16,6
0,Tallahatchie,Brazil,Brazil,3,0
0,Tallahatchie,Cascilla,Cascilla,28,30
0,Tallahatchie,Charleston Beat #1,Charleston Beat #1,43,20
0,Tallahatchie,Charleston Beat #2,Charleston Beat #2,74,31
0,Tallahatchie,Charleston Beat #3,Charleston Beat #3,39,19
0,Tallahatchie,Enid,Enid,21,23
0,Tallahatchie,Glendora,Glendora,6,4
0,Tallahatchie,Leverette,Leverette,10,9
0,Tallahatchie,Murphreesbore,Murphreesbore,18,32
0,Tallahatchie,Paynes,Paynes,24,25
0,Tallahatchie,Phillip,Phillip,24,10
0,Tallahatchie,Rosebloom,Rosebloom,25,22
0,Tallahatchie,Springhill,Springhill,37,17
0,Tallahatchie,Summer Beat #2,Summer Beat #2,67,23
0,Tallahatchie,Summer Beat #5,Summer Beat #5,16,9
0,Tallahatchie,Teasdale,Teasdale,46,33
0,Tallahatchie,Tippo,Tippo,46,6
0,Tallahatchie,Tutwiler,Tutwiler,21,5
0,Tallahatchie,Webb Beat #4,Webb Beat #4,11,6
0,Tallahatchie,Webb Beat #5,Webb Beat #5,20,2
0,Tate,Arkabutla,Arkabutla,66,138
0,Tate,Coldwater 3,Coldwater 3,75,128
0,Tate,Evansville,Evansville,14,38
0,Tate,Independence,Independence,100,302
0,Tate,Looxahoma,Looxahoma,51,156
0,Tate,Palestine,Palestine,39,60
0,Tate,Poagville 4,Poagville 4,67,179
0,Tate,Poagville 5,Poagville 5,28,65
0,Tate,Sarah,Sarah,13,24
0,Tate,Senatobia 1,Senatobia 1,303,342
0,Tate,Senatobia 2,Senatobia 2,137,233
0,Tate,Senatobia 3,Senatobia 3,25,27
0,Tate,Senatobia 4,Senatobia 4,127,173
0,Tate,Sherrod,Sherrod,22,63
0,Tate,Strayhorn 1,Strayhorn 1,22,87
0,Tate,Strayhorn 2,Strayhorn 2,29,77
0,Tate,Taylorsville,Taylorsville,11,26
0,Tate,Thyatira,Thyatira,23,45
0,Tate,Tyro,Tyro,15,46
0,Tate,Wyatte,Wyatte,21,52
0,Tippah,Blue Mountain,Blue Mountain,69,102
0,Tippah,Brownfield,Brownfield,15,32
0,Tippah,Chalybeate,Chalybeate,43,57
0,Tippah,Chapman,Chapman,42,76
0,Tippah,Clarysville,Clarysville,34,25
0,Tippah,Cotton Plant,Cotton Plant,13,21
0,Tippah,Dry Creek,Dry Creek,21,43
0,Tippah,Dumas,Dumas,55,91
0,Tippah,Falkner,Falkner,71,147
0,Tippah,Mitchell,Mitchell,23,41
0,Tippah,New Hope,New Hope,67,60
0,Tippah,North Falkner,North Falkner,30,37
0,Tippah,North Ripley,North Ripley,124,163
0,Tippah,Palmer,Palmer,69,93
0,Tippah,Peoples,Peoples,16,35
0,Tippah,Pine Grove,Pine Grove,21,28
0,Tippah,Providence,Providence,10,50
0,Tippah,Ripley,Ripley,123,102
0,Tippah,Shady Grove,Shady Grove,22,29
0,Tippah,Southwest Ripley,Southwest Ripley,213,108
0,Tippah,Spout Springs,Spout Springs,35,27
0,Tippah,Threeforks,Threeforks,30,75
0,Tippah,Tiplersville,Tiplersville,33,18
0,Tippah,Walnut,Walnut,64,58
0,Tishomingo,Belmont,Belmont,83,68
0,Tishomingo,Burnsville,Burnsville,78,85
0,Tishomingo,Coles Mill,Coles Mill,47,87
0,Tishomingo,Cotton Springs,Cotton Springs,30,26
0,Tishomingo,Dennis,Dennis,26,34
0,Tishomingo,East Belmont,East Belmont,37,58
0,Tishomingo,East Iuka,East Iuka,128,173
0,Tishomingo,Golden,Golden,93,80
0,Tishomingo,Hubbard Salem,Hubbard Salem,11,27
0,Tishomingo,Iuka,Iuka,115,92
0,Tishomingo,North Belmont,North Belmont,45,43
0,Tishomingo,North Burnsville,North Burnsville,42,61
0,Tishomingo,North Iuka,North Iuka,112,107
0,Tishomingo,Paden,Paden,29,20
0,Tishomingo,Springhill,Springhill,46,41
0,Tishomingo,Tishomingo,Tishomingo,120,99
0,Tunica,Banks/Hambrick,Banks/Hambrick,3,9
0,Tunica,Courthouse,Courthouse,91,21
0,Tunica,Evansville-Highway 61,Evansville-Highway 61,34,7
0,Tunica,Justice Court Building,Justice Court Building,56,12
0,Tunica,Mhoon Landing,Mhoon Landing,6,13
0,Tunica,Prichard,Prichard,7,6
0,Tunica,Robinsonville,Robinsonville,19,11
0,Tunica,Supt. Of Education,Supt. Of Education,56,16
0,Tunica,Tunica,Tunica,46,9
0,Tunica,Two-Mile Lake,Two-Mile Lake,31,17
0,Tunica,Watsonville,Watsonville,4,4
0,Tunica,West End Store,West End Store,14,4
0,Union,Beacon Hill,Beacon Hill,124,86
0,Union,Blue Springs,Blue Springs,61,101
0,Union,Blythe,Blythe,35,44
0,Union,Center,Center,74,62
0,Union,Central Maintenance,Central Maintenance,181,142
0,Union,Courthouse,Courthouse,159,90
0,Union,East Union,East Union,92,101
0,Union,Glenfield,Glenfield,127,88
0,Union,Hillcrest Church,Hillcrest Church,123,71
0,Union,Ingomar,Ingomar,103,91
0,Union,Jericho,Jericho,63,48
0,Union,Keownville,Keownville,85,68
0,Union,King's Chapel,King's Chapel,47,72
0,Union,Macedonia,Macedonia,52,39
0,Union,Myrtie,Myrtie,105,138
0,Union,NE Community College,NE Community College,248,115
0,Union,Pinedale,Pinedale,57,44
0,Union,Pleasant Ridge,Pleasant Ridge,37,44
0,Union,Sportsplex,Sportsplex,162,105
0,Union,West Union,West Union,108,69
0,Walthall,3rd District Tylertown,3rd District Tylertown,68,34
0,Walthall,4th District West,4th District West,45,49
0,Walthall,4th District Tylertown,4th District Tylertown,95,93
0,Walthall,Darbun,Darbun,15,45
0,Walthall,Dexter,Dexter,87,89
0,Walthall,Dinan,Dinan,34,36
0,Walthall,East Tylertown,East Tylertown,14,25
0,Walthall,Enon,Enon,57,42
0,Walthall,Hope,Hope,9,1
0,Walthall,Improve,Improve,29,103
0,Walthall,Lexie,Lexie,94,110
0,Walthall,Mesa,Mesa,11,9
0,Walthall,Midway,Midway,20,36
0,Walthall,North Kirklin,North Kirklin,49,45
0,Walthall,North Knoxo,North Knoxo,23,15
0,Walthall,Sartinsville,Sartinsville,30,41
0,Walthall,South Kirklin,South Kirklin,24,21
0,Walthall,South Knoxo,South Knoxo,18,15
0,Walthall,St Paul,St Paul,13,19
0,Walthall,Varnel,Varnel,72,89
0,Walthall,West Tylertown,West Tylertown,26,28
0,Warren,3-61_,3-61_,27,14
0,Warren,American Legion Post,American Legion Post,142,50
0,Warren,Auditorium,Auditorium,63,14
0,Warren,Beechwood,Beechwood,376,194
0,Warren,Bovina,Bovina,152,222
0,Warren,Brunswick,Brunswick,41,64
0,Warren,Cedar Grove,Cedar Grove,100,40
0,Warren,Culkin,Culkin,705,587
0,Warren,Elks Lodge,Elks Lodge,263,133
0,Warren,Goodrum,Goodrum,146,110
0,Warren,Jett,Jett,122,83
0,Warren,Kings,Kings,56,54
0,Warren,Moose Lodge,Moose Lodge,191,213
0,Warren,No. 7 Fire Station,No. 7 Fire Station,108,49
0,Warren,Oak Ridge,Oak Ridge,23,13
0,Warren,Plumbers & Pipefitters,Plumbers & Pipefitters,226,100
0,Warren,Redwood,Redwood,29,31
0,Warren,St. Aloysius,St. Aloysius,9,2
0,Warren,Tingleville,Tingleville,135,119
0,Warren,Vicksburg Junior High School,Vicksburg Junior High School,188,58
0,Warren,Ymca,Ymca,111,81
0,Warren,Yokena,Yokena,96,87
0,Washington,Arcola Technology Center,Arcola Technology Center,39,24
0,Washington,Buster Brown Community Center,Buster Brown Community Center,222,39
0,Washington,Covenant Presbyterian,Covenant Presbyterian,406,140
0,Washington,Darlove,Darlove,20,1
0,Washington,Elks Lodge,Elks Lodge,56,9
0,Washington,Extension Building,Extension Building,20,2
0,Washington,Glen Allan Library,Glen Allan Library,122,45
0,Washington,Greenville Daycare Center,Greenville Daycare Center,4,0
0,Washington,Greenville Industrial College,Greenville Industrial College,27,4
0,Washington,Hollandale City Hall,Hollandale City Hall,179,34
0,Washington,Lake Vista Masonic Lodge,Lake Vista Masonic Lodge,101,47
0,Washington,Leland Health Department,Leland Health Department,219,74
0,Washington,Leland Rotary Club,Leland Rotary Club,235,65
0,Washington,Metcalfe Municipal Building,Metcalfe Municipal Building,3,0
0,Washington,St. James Episcopal Church,St. James Episcopal Church,260,114
0,Washington,Swiftwater Baptist Church,Swiftwater Baptist Church,73,78
0,Washington,Tampa Drive,Tampa Drive,24,11
0,Washington,Ward'S Recreation Center,Ward'S Recreation Center,294,138
0,Washington,Washington County Convention Center,Washington County Convention Center,50,29
0,Wayne,Beat Four,Beat Four,40,214
0,Wayne,Big Rock,Big Rock,9,47
0,Wayne,Buckatunna,Buckatunna,46,87
0,Wayne,Chapparal/Diamond,Chapparal/Diamond,24,36
0,Wayne,Chicora,Chicora,11,83
0,Wayne,Clara,Clara,99,356
0,Wayne,Corinth,Corinth,19,68
0,Wayne,Denham,Denham,28,124
0,Wayne,Eucutta,Eucutta,8,69
0,Wayne,Hiwannee,Hiwannee,19,30
0,Wayne,Matherville/Coyt,Matherville/Coyt,10,44
0,Wayne,Mozingo,Mozingo,21,121
0,Wayne,Pleasant Grove,Pleasant Grove,34,171
0,Wayne,State Line,State Line,32,90
0,Wayne,Strengthford,Strengthford,13,80
0,Wayne,Waynesboro City 1,Waynesboro City 1,39,2
0,Wayne,Waynesboro City 2,Waynesboro City 2,74,194
0,Wayne,Waynesboro City 3,Waynesboro City 3,118,276
0,Wayne,Waynesboro City 4,Waynesboro City 4,34,59
0,Wayne,Waynesboro City 5,Waynesboro City 5,23,38
0,Wayne,Winchester,Winchester,31,98
0,Wayne,Yellow Creek,Yellow Creek,34,139
0,Webster,Bellefontaine,Bellefontaine,42,37
0,Webster,Big Black,Big Black,50,68
0,Webster,Bluff Springs,Bluff Springs,14,17
0,Webster,Cadaretta,Cadaretta,32,21
0,Webster,Clarkson,Clarkson,52,52
0,Webster,Cumberland,Cumberland,53,55
0,Webster,Eupora No. 1,Eupora No. 1,122,97
0,Webster,Eupora No. 2,Eupora No. 2,47,46
0,Webster,Eupora No. 3,Eupora No. 3,54,35
0,Webster,Fame,Fame,42,58
0,Webster,Fay,Fay,15,37
0,Webster,Grady,Grady,33,42
0,Webster,Maben,Maben,64,67
0,Webster,Mantee,Mantee,77,66
0,Webster,Mathiston,Mathiston,78,101
0,Webster,Tomnolen,Tomnolen,44,57
0,Webster,Walthall,Walthall,56,69
0,Wilkinson,Centreville 1st 1020,Centreville 1st 1020,8,11
0,Wilkinson,Centreville 3rd 3010,Centreville 3rd 3010,49,84
0,Wilkinson,Cold Springs 4020,Cold Springs 4020,9,22
0,Wilkinson,Fort Adams 2020,Fort Adams 2020,10,15
0,Wilkinson,Longmire 5020,Longmire 5020,28,60
0,Wilkinson,Woodville 5th 5010,Woodville 5th 5010,55,47
0,Wilkinson,Woodville 4th 4010,Woodville 4th 4010,16,15
0,Wilkinson,Woodville 1010,Woodville 1010,24,29
0,Wilkinson,Woodville 2nd 2010,Woodville 2nd 2010,13,15
0,Winston,American Legion,American Legion,45,15
0,Winston,County Agent,County Agent,34,30
0,Winston,East Winston,East Winston,83,82
0,Winston,Fairgrounds,Fairgrounds,378,249
0,Winston,Lovorn Tractor,Lovorn Tractor,58,42
0,Winston,Mars Hill,Mars Hill,46,72
0,Winston,Mill Creek,Mill Creek,165,120
0,Winston,Nanih Waiya,Nanih Waiya,187,137
0,Winston,New National Guard,New National Guard,80,54
0,Winston,Noxapater,Noxapater,104,134
0,Winston,Shiloh,Shiloh,58,67
0,Winston,Zion Ridge,Zion Ridge,26,13
0,Yalobusha,Beat One North,Beat One North,160,102
0,Yalobusha,Beat One South,Beat One South,34,44
0,Yalobusha,Beat Two Watar Valley,Beat Two Watar Valley,63,84
0,Yalobusha,Five Coffeeville,Five Coffeeville,104,94
0,Yalobusha,Five Scobey,Five Scobey,21,28
0,Yalobusha,Five Scuna - Vann'S Mill,Five Scuna - Vann'S Mill,33,23
0,Yalobusha,Five Tillatoba,Five Tillatoba,31,26
0,Yalobusha,Four Coffeeville,Four Coffeeville,30,14
0,Yalobusha,Four Oakland,Four Oakland,67,87
0,Yalobusha,Three North West,Three North West,110,102
0,Yalobusha,Three Sylva Rena,Three Sylva Rena,70,50
0,Yazoo,3-1 West,3-1 West,8,1
0,Yazoo,3-2 East,3-2 East,69,13
0,Yazoo,3-4 South,3-4 South,63,35
0,Yazoo,Benton,Benton,127,108
0,Yazoo,Center Ridge,Center Ridge,115,66
0,Yazoo,Deasonville,Deasonville,82,40
0,Yazoo,Dover,Dover,43,73
0,Yazoo,East Bentonia,East Bentonia,61,45
0,Yazoo,East Midway,East Midway,40,17
0,Yazoo,Eden,Eden,47,47
0,Yazoo,Free Run,Free Run,45,36
0,Yazoo,Fugates,Fugates,69,54
0,Yazoo,Harttown,Harttown,33,6
0,Yazoo,Holly Bluff,Holly Bluff,42,25
0,Yazoo,Jonestown,Jonestown,8,1
0,Yazoo,Lake City,Lake City,75,20
0,Yazoo,Mechanicsburg,Mechanicsburg,101,130
0,Yazoo,Robinette,Robinette,60,78
0,Yazoo,Satartia,Satartia,18,5
0,Yazoo,Valley,Valley,37,33
0,Yazoo,Ward 2,Ward 2,160,58
0,Yazoo,Ward 4,Ward 4,243,52
0,Yazoo,Ward 5,Ward 5,42,5
0,Yazoo,West Bentonia,West Bentonia,57,56
0,Yazoo,West Midway,West Midway,37,40
0,Yazoo,Zion,Zion,44,57
